"id","Asset","realizedPL","date_closed","date_open","initialUnits","financing","dividendAdjustment","account_var","already_in_db","trade_col","Net_Profit"
"23786","BTC_USD",-8.9332,2025-10-13 15:47:52,2025-10-13 11:07:23,0.01,0,0,1,NA,"Long",-8.9332
"23804","BTC_USD",-8.9329,2025-10-13 14:48:07,2025-10-13 12:02:37,0.01,0,0,1,NA,"Long",-8.9329
"23822","BTC_USD",-9.0175,2025-10-13 14:33:56,2025-10-13 13:02:54,0.01,0,0,1,NA,"Long",-9.0175
"23846","BTC_USD",-9.1488,2025-10-13 22:27:45,2025-10-13 16:02:57,0.01,0,0,1,NA,"Long",-9.1488
"23868","BTC_USD",-8.878,2025-10-13 22:28:35,2025-10-13 17:02:55,0.01,0,0,1,NA,"Long",-8.878
"23888","BTC_USD",-8.96,2025-10-13 22:01:51,2025-10-13 18:02:47,0.01,0,0,1,NA,"Long",-8.96
"23929","BTC_USD",-9.416,2025-10-13 22:01:18,2025-10-13 20:02:45,0.01,0,0,1,NA,"Long",-9.416
"23949","BTC_USD",-8.9537,2025-10-13 22:01:58,2025-10-13 21:02:41,0.01,0,0,1,NA,"Long",-8.9537
"23973","BTC_USD",-8.9647,2025-10-13 22:27:48,2025-10-13 22:02:35,0.01,0,0,1,NA,"Long",-8.9647
"24015","BTC_USD",-9.0458,2025-10-14 14:02:45,2025-10-13 23:02:57,0.01,-0.9355,0,1,NA,"Long",-9.9813
"24035","BTC_USD",-9.2047,2025-10-14 01:30:34,2025-10-14 00:03:17,0.01,0,0,1,NA,"Long",-9.2047
"24059","BTC_USD",-9.0446,2025-10-14 01:20:29,2025-10-14 01:03:23,0.01,0,0,1,NA,"Long",-9.0446
"24083","BTC_USD",-9.4961,2025-10-14 14:00:41,2025-10-14 02:02:48,0.01,-0.9355,0,1,NA,"Long",-10.4316
"24107","BTC_USD",-8.8743,2025-10-14 13:18:44,2025-10-14 03:02:42,0.01,-0.9355,0,1,NA,"Long",-9.8098
"24219","BTC_USD",-9.151,2025-10-14 15:50:55,2025-10-14 14:03:26,0.01,0,0,1,NA,"Long",-9.151
"24241","BTC_USD",-9.731,2025-10-14 15:47:29,2025-10-14 15:02:55,0.01,0,0,1,NA,"Long",-9.731
"24279","BTC_USD",-9.1124,2025-10-14 16:35:56,2025-10-14 16:02:52,0.01,0,0,1,NA,"Long",-9.1124
"24311","BTC_USD",-8.9437,2025-10-14 17:42:34,2025-10-14 17:02:46,0.01,0,0,1,NA,"Long",-8.9437
"24357","BTC_USD",-2.2481,2025-10-14 18:14:54,2025-10-14 18:02:47,0.01,0,0,1,NA,"Long",-2.2481
"24477","BTC_USD",-9.0174,2025-10-14 21:18:45,2025-10-14 21:02:51,0.01,0,0,1,NA,"Long",-9.0174
"24507","BTC_USD",-8.975,2025-10-15 00:36:43,2025-10-14 22:02:45,0.01,0,0,1,NA,"Long",-8.975
"24533","BTC_USD",-9.1216,2025-10-14 23:58:46,2025-10-14 23:02:45,0.01,0,0,1,NA,"Long",-9.1216
"24561","BTC_USD",-8.95,2025-10-15 00:18:26,2025-10-15 00:03:16,0.01,0,0,1,NA,"Long",-8.95
"24591","BTC_USD",23.5128,2025-10-15 12:56:12,2025-10-15 01:03:06,0.01,-0.9177,0,1,NA,"Long",22.5951
"24611","BTC_USD",17.017,2025-10-15 12:56:08,2025-10-15 02:03:03,0.01,-0.9177,0,1,NA,"Long",16.0993
"24635","BTC_USD",-9.0046,2025-10-15 04:00:54,2025-10-15 03:02:40,0.01,0,0,1,NA,"Long",-9.0046
"24657","BTC_USD",10.2929,2025-10-15 12:56:05,2025-10-15 04:02:45,0.01,-0.9177,0,1,NA,"Long",9.3752
"24677","BTC_USD",-8.9869,2025-10-15 06:41:48,2025-10-15 05:02:37,0.01,0,0,1,NA,"Long",-8.9869
"24720","BTC_USD",-0.7481,2025-10-15 12:56:01,2025-10-15 07:02:41,0.01,-0.9177,0,1,NA,"Long",-1.6658
"24748","BTC_USD",-8.9689,2025-10-15 12:07:52,2025-10-15 11:02:53,0.01,0,0,1,NA,"Long",-8.9689
"24800","BTC_USD",-10.0066,2025-10-15 14:22:31,2025-10-15 13:02:51,0.01,0,0,1,NA,"Long",-10.0066
"24816","BTC_USD",-9.7658,2025-10-15 14:22:31,2025-10-15 14:03:08,0.01,0,0,1,NA,"Long",-9.7658
"24934","BTC_USD",21.9436,2025-10-15 19:31:15,2025-10-15 15:02:54,0.01,0,0,1,NA,"Long",21.9436
"24950","BTC_USD",13.2037,2025-10-15 19:31:11,2025-10-15 16:04:08,0.01,0,0,1,NA,"Long",13.2037
"24966","BTC_USD",14.3329,2025-10-15 19:31:07,2025-10-15 17:02:53,0.01,0,0,1,NA,"Long",14.3329
"24986","BTC_USD",13.7372,2025-10-15 19:31:04,2025-10-15 18:03:04,0.01,0,0,1,NA,"Long",13.7372
"25006","BTC_USD",10.0863,2025-10-15 19:31:00,2025-10-15 19:02:54,0.01,0,0,1,NA,"Long",10.0863
"25126","BTC_USD",-9.4108,2025-10-16 15:47:31,2025-10-16 13:26:12,0.01,0,0,1,NA,"Long",-9.4108
"25158","BTC_USD",-8.9878,2025-10-16 15:47:15,2025-10-16 15:02:49,0.01,0,0,1,NA,"Long",-8.9878
"25196","BTC_USD",-9.5474,2025-10-16 18:55:56,2025-10-16 16:02:33,0.01,0,0,1,NA,"Long",-9.5474
"25224","BTC_USD",-8.948,2025-10-16 18:55:56,2025-10-16 17:03:01,0.01,0,0,1,NA,"Long",-8.948
"25228","CH20_CHF",18.7747,2025-10-16 18:26:01,2025-10-16 17:03:03,0.1,0,0,1,NA,"Long",18.7747
"25262","BTC_USD",-9.4715,2025-10-16 18:19:08,2025-10-16 18:02:35,0.01,0,0,1,NA,"Long",-9.4715
"25266","CH20_CHF",-10.7668,2025-10-16 18:06:06,2025-10-16 18:02:37,0.1,0,0,1,NA,"Long",-10.7668
"25310","BTC_USD",-9.4786,2025-10-16 20:34:52,2025-10-16 19:02:38,0.01,0,0,1,NA,"Long",-9.4786
"25314","CH20_CHF",-19.3294,2025-10-17 17:00:57,2025-10-16 19:02:40,0.1,-0.1664,0,1,NA,"Long",-19.4958
"25346","BTC_USD",-9.3877,2025-10-16 20:34:48,2025-10-16 20:02:39,0.01,0,0,1,NA,"Long",-9.3877
"25350","CH20_CHF",-10.821,2025-10-17 05:12:13,2025-10-16 20:02:41,0.1,0,0,1,NA,"Long",-10.821
"25392","BTC_USD",-9.004,2025-10-17 00:57:11,2025-10-16 21:02:47,0.01,0,0,1,NA,"Long",-9.004
"25396","CH20_CHF",-10.7515,2025-10-16 22:19:42,2025-10-16 21:02:49,0.1,0,0,1,NA,"Long",-10.7515
"25428","BTC_USD",-8.9359,2025-10-16 22:31:09,2025-10-16 22:02:39,0.01,0,0,1,NA,"Long",-8.9359
"25432","CH20_CHF",-10.7977,2025-10-17 01:18:23,2025-10-16 22:02:41,0.1,0,0,1,NA,"Long",-10.7977
"25470","BTC_USD",-9.1101,2025-10-16 23:25:09,2025-10-16 23:02:52,0.01,0,0,1,NA,"Long",-9.1101
"25474","CH20_CHF",-17.7563,2025-10-17 17:00:57,2025-10-16 23:02:54,0.1,-0.1664,0,1,NA,"Long",-17.9227
"25540","BTC_USD",-11.8434,2025-10-17 02:03:30,2025-10-17 01:46:39,0.01,0,0,1,NA,"Long",-11.8434
"25544","CH20_CHF",-19.9193,2025-10-17 17:00:57,2025-10-17 01:46:41,0.1,-0.1664,0,1,NA,"Long",-20.0857
"25612","BTC_USD",-12.4081,2025-10-17 02:49:17,2025-10-17 02:42:16,0.01,0,0,1,NA,"Long",-12.4081
"25616","CH20_CHF",-12.0941,2025-10-17 03:32:17,2025-10-17 02:42:18,0.1,0,0,1,NA,"Long",-12.0941
"25730","BTC_USD",-11.7811,2025-10-17 17:36:45,2025-10-17 03:40:57,0.01,-0.8788,0,1,NA,"Long",-12.6599
"25734","CH20_CHF",-17.1074,2025-10-17 17:00:57,2025-10-17 03:40:59,0.1,-0.1664,0,1,NA,"Long",-17.2738
"25839","BTC_USD",-11.9946,2025-10-17 06:20:19,2025-10-17 05:41:47,0.01,0,0,1,NA,"Long",-11.9946
"25843","CH20_CHF",-14.7477,2025-10-17 17:00:57,2025-10-17 05:41:49,0.1,-0.1664,0,1,NA,"Long",-14.9141
"25886","BTC_USD",-11.8433,2025-10-17 17:37:23,2025-10-17 06:41:07,0.01,-0.8788,0,1,NA,"Long",-12.7221
"26010","BTC_USD",-12.1163,2025-10-17 16:52:40,2025-10-17 14:33:35,0.01,0,0,1,NA,"Long",-12.1163
"26144","BTC_USD",-11.8373,2025-10-17 18:57:45,2025-10-17 18:29:08,0.01,0,0,1,NA,"Long",-11.8373
"26148","CH20_CHF",22.6684,2025-10-20 18:00:16,2025-10-17 18:29:10,0.1,-0.5011,0,1,NA,"Long",22.1673
"26234","BTC_USD",-11.9062,2025-10-17 20:58:54,2025-10-17 20:34:33,0.01,0,0,1,NA,"Long",-11.9062
"26238","CH20_CHF",22.6684,2025-10-20 18:00:12,2025-10-17 20:34:35,0.1,-0.5011,0,1,NA,"Long",22.1673
"26314","BTC_USD",-12.0077,2025-10-17 22:56:04,2025-10-17 22:30:34,0.01,0,0,1,NA,"Long",-12.0077
"26318","CH20_CHF",17.4605,2025-10-20 18:00:08,2025-10-17 22:30:36,0.1,-0.5011,0,1,NA,"Long",16.9594
"26398","BTC_USD",-11.9012,2025-10-18 00:44:22,2025-10-18 00:35:45,0.01,0,0,1,NA,"Long",-11.9012
"26402","CH20_CHF",9.9363,2025-10-20 18:00:05,2025-10-18 00:35:46,0.1,-0.5011,0,1,NA,"Long",9.4352
"26496","BTC_USD",47.4036,2025-10-20 09:50:25,2025-10-18 02:31:01,0.01,-2.6261,0,1,NA,"Long",44.7775
"26500","CH20_CHF",0.3858,2025-10-20 18:00:01,2025-10-18 02:31:03,0.1,-0.5011,0,1,NA,"Long",-0.1153
"27266","EUR_AUD",-0.4696,2025-11-20 16:51:25,2025-11-20 15:46:19,-303,0,0,3,NA,"Short",-0.4696
"27270","USD_CAD",-0.3245,2025-11-20 16:51:22,2025-11-20 15:46:26,-516,0,0,3,NA,"Short",-0.3245
"27274","XAG_USD",0.6535,2025-11-20 16:03:33,2025-11-20 15:46:34,-4,0,0,3,NA,"Short",0.6535
"27320","EUR_AUD",-0.3878,2025-11-20 17:52:11,2025-11-20 16:43:49,-303,0,0,3,NA,"Short",-0.3878
"27324","USD_CAD",-0.0114,2025-11-20 17:52:07,2025-11-20 16:43:57,-516,0,0,3,NA,"Short",-0.0114
"27328","XAG_USD",0.6807,2025-11-20 17:01:01,2025-11-20 16:44:04,-4,0,0,3,NA,"Short",0.6807
"27382","EUR_AUD",-0.5272,2025-11-20 18:52:03,2025-11-20 17:44:36,-303,0,0,3,NA,"Short",-0.5272
"27386","USD_CAD",-0.2335,2025-11-20 18:52:00,2025-11-20 17:44:43,-516,0,0,3,NA,"Short",-0.2335
"27390","XAG_USD",0.653,2025-11-20 17:50:13,2025-11-20 17:44:50,-4,0,0,3,NA,"Short",0.653
"27444","EUR_AUD",-0.1666,2025-11-20 19:51:29,2025-11-20 18:44:29,-303,0,0,3,NA,"Short",-0.1666
"27448","USD_CAD",0.0113,2025-11-20 19:51:25,2025-11-20 18:44:36,-516,0,0,3,NA,"Short",0.0113
"27452","XAG_USD",0.6455,2025-11-20 19:01:56,2025-11-20 18:44:43,-4,0,0,3,NA,"Short",0.6455
"27504","EUR_AUD",-0.2697,2025-11-20 20:51:50,2025-11-20 19:43:51,-303,0,0,3,NA,"Short",-0.2697
"27508","USD_CAD",0.2256,2025-11-20 20:51:47,2025-11-20 19:43:58,-516,0,0,3,NA,"Short",0.2256
"27512","XAG_USD",-3.3593,2025-11-20 20:02:30,2025-11-20 19:44:07,-4,0,0,3,NA,"Short",-3.3593
"27566","EUR_AUD",0.1576,2025-11-20 21:52:30,2025-11-20 20:44:17,-303,0,0,3,NA,"Short",0.1576
"27570","USD_CAD",0.2649,2025-11-20 21:52:26,2025-11-20 20:44:24,-516,0,0,3,NA,"Short",0.2649
"27574","XAG_USD",0.6697,2025-11-20 21:54:27,2025-11-20 20:44:30,-4,0,0,3,NA,"Short",0.6697
"27627","EUR_AUD",-0.3606,2025-11-20 22:51:23,2025-11-20 21:44:50,-303,0,0,3,NA,"Short",-0.3606
"27631","USD_CAD",-0.6949,2025-11-20 22:51:19,2025-11-20 21:44:57,-516,0,0,3,NA,"Short",-0.6949
"27635","XAG_USD",0.7133,2025-11-20 21:56:15,2025-11-20 21:45:05,-4,0,0,3,NA,"Short",0.7133
"27689","EUR_AUD",-0.1091,2025-11-20 23:51:26,2025-11-20 22:43:48,-303,0,0,3,NA,"Short",-0.1091
"27693","USD_CAD",-0.4612,2025-11-20 23:51:22,2025-11-20 22:43:55,-516,0,0,3,NA,"Short",-0.4612
"27697","XAG_USD",0.6698,2025-11-20 22:47:03,2025-11-20 22:44:02,-4,0,0,3,NA,"Short",0.6698
"27751","EUR_AUD",0.6121,2025-11-21 00:32:19,2025-11-20 23:43:51,-303,0,0,3,NA,"Short",0.6121
"27755","USD_CAD",0.9567,2025-11-21 00:37:14,2025-11-20 23:43:58,-516,0,0,3,NA,"Short",0.9567
"27759","XAG_USD",0.8561,2025-11-21 00:30:09,2025-11-20 23:44:05,-4,0,0,3,NA,"Short",0.8561
"27815","EUR_AUD",-0.2818,2025-11-21 01:51:59,2025-11-21 00:44:02,-303,0,0,3,NA,"Short",-0.2818
"27819","USD_CAD",-0.1875,2025-11-21 01:51:55,2025-11-21 00:44:09,-516,0,0,3,NA,"Short",-0.1875
"27823","XAG_USD",0.6442,2025-11-21 00:46:26,2025-11-21 00:44:16,-4,0,0,3,NA,"Short",0.6442
"27863","EUR_AUD",-1.115,2025-11-21 02:51:56,2025-11-21 01:44:24,-303,0,0,3,NA,"Short",-1.115
"27867","USD_CAD",-1.4744,2025-11-21 02:51:52,2025-11-21 01:44:31,-516,0,0,3,NA,"Short",-1.4744
"27871","XAG_USD",0.6445,2025-11-21 02:34:39,2025-11-21 01:44:38,-4,0,0,3,NA,"Short",0.6445
"27925","EUR_AUD",-2.0816,2025-11-21 03:52:07,2025-11-21 02:44:21,-303,0,0,3,NA,"Short",-2.0816
"27929","USD_CAD",-1.089,2025-11-21 03:52:04,2025-11-21 02:44:28,-516,0,0,3,NA,"Short",-1.089
"27933","XAG_USD",0.6455,2025-11-21 02:56:34,2025-11-21 02:44:35,-4,0,0,3,NA,"Short",0.6455
"27981","EUR_AUD",-0.9151,2025-11-21 04:52:17,2025-11-21 03:44:32,-303,0,0,3,NA,"Short",-0.9151
"27985","USD_CAD",-0.8504,2025-11-21 04:52:13,2025-11-21 03:44:39,-516,0,0,3,NA,"Short",-0.8504
"27989","XAG_USD",0.685,2025-11-21 03:54:11,2025-11-21 03:44:46,-4,0,0,3,NA,"Short",0.685
"28037","EUR_AUD",0.606,2025-11-21 05:06:29,2025-11-21 04:44:42,-303,0,0,3,NA,"Short",0.606
"28041","USD_CAD",0.1074,2025-11-21 05:52:16,2025-11-21 04:44:49,-516,0,0,3,NA,"Short",0.1074
"28045","XAG_USD",-3.3994,2025-11-21 06:23:42,2025-11-21 04:44:56,-4,0,0,3,NA,"Short",-3.3994
"28097","EUR_AUD",-0.097,2025-11-21 06:52:22,2025-11-21 05:44:45,-303,0,0,3,NA,"Short",-0.097
"28101","USD_CAD",0.0678,2025-11-21 06:52:18,2025-11-21 05:44:52,-516,0,0,3,NA,"Short",0.0678
"28105","XAG_USD",0.6515,2025-11-21 05:50:07,2025-11-21 05:44:59,-4,0,0,3,NA,"Short",0.6515
"28155","EUR_AUD",-0.2121,2025-11-21 07:52:36,2025-11-21 06:44:47,-303,0,0,3,NA,"Short",-0.2121
"28159","USD_CAD",-0.2625,2025-11-21 07:52:32,2025-11-21 06:44:54,-516,0,0,3,NA,"Short",-0.2625
"28163","XAG_USD",0.6473,2025-11-21 07:01:53,2025-11-21 06:45:01,-4,0,0,3,NA,"Short",0.6473
"28217","EUR_AUD",-0.4424,2025-11-21 08:49:36,2025-11-21 07:45:00,-303,0,0,3,NA,"Short",-0.4424
"28221","USD_CAD",-0.1085,2025-11-21 08:49:32,2025-11-21 07:45:08,-516,0,0,3,NA,"Short",-0.1085
"28225","XAG_USD",0.6464,2025-11-21 12:03:21,2025-11-21 07:45:15,-4,0.021,0,3,NA,"Short",0.6674
"28273","EUR_AUD",-0.2515,2025-11-21 09:46:58,2025-11-21 08:41:58,-303,0.0092,0,3,NA,"Short",-0.2423
"28277","USD_CAD",0.0904,2025-11-21 09:46:54,2025-11-21 08:42:06,-516,-0.1886,0,3,NA,"Short",-0.0982
"28281","XAG_USD",0.6652,2025-11-21 12:00:46,2025-11-21 08:42:15,-4,0.021,0,3,NA,"Short",0.6862
"28326","EUR_AUD",-0.106,2025-11-21 10:47:17,2025-11-21 09:39:22,-303,0,0,3,NA,"Short",-0.106
"28330","USD_CAD",0.2034,2025-11-21 10:47:14,2025-11-21 09:39:29,-516,0,0,3,NA,"Short",0.2034
"28402","EUR_AUD",0.6121,2025-11-21 11:41:15,2025-11-21 10:39:39,-303,0,0,3,NA,"Short",0.6121
"28406","USD_CAD",0.4574,2025-11-21 11:46:56,2025-11-21 10:39:47,-516,0,0,3,NA,"Short",0.4574
"28410","XAG_USD",0.6566,2025-11-21 12:00:07,2025-11-21 10:39:56,-4,0,0,3,NA,"Short",0.6566
"28462","EUR_AUD",-0.0394,2025-11-21 12:47:16,2025-11-21 11:39:24,-303,0,0,3,NA,"Short",-0.0394
"28466","USD_CAD",0,2025-11-21 12:47:13,2025-11-21 11:39:31,-516,0,0,3,NA,"Short",0
"28470","XAG_USD",0.6535,2025-11-21 12:00:07,2025-11-21 11:39:38,-4,0,0,3,NA,"Short",0.6535
"28534","EUR_AUD",-0.6787,2025-11-21 13:47:05,2025-11-21 12:39:40,-303,0,0,3,NA,"Short",-0.6787
"28538","USD_CAD",-0.2853,2025-11-21 13:47:01,2025-11-21 12:39:47,-516,0,0,3,NA,"Short",-0.2853
"28542","XAG_USD",0.6495,2025-11-21 13:54:15,2025-11-21 12:39:55,-4,0,0,3,NA,"Short",0.6495
"28602","EUR_AUD",-0.1788,2025-11-21 14:47:21,2025-11-21 13:39:29,-303,0,0,3,NA,"Short",-0.1788
"28606","USD_CAD",-0.1312,2025-11-21 14:47:18,2025-11-21 13:39:36,-516,0,0,3,NA,"Short",-0.1312
"28610","XAG_USD",0.6602,2025-11-21 13:45:17,2025-11-21 13:39:43,-4,0,0,3,NA,"Short",0.6602
"28674","EUR_AUD",-0.6878,2025-11-21 15:47:37,2025-11-21 14:39:45,-303,0,0,3,NA,"Short",-0.6878
"28678","USD_CAD",-0.0114,2025-11-21 15:47:34,2025-11-21 14:39:52,-516,0,0,3,NA,"Short",-0.0114
"28682","XAG_USD",0.6486,2025-11-21 15:41:14,2025-11-21 14:40:00,-4,0,0,3,NA,"Short",0.6486
"28742","EUR_AUD",0.3394,2025-11-21 16:47:32,2025-11-21 15:40:01,-303,0,0,3,NA,"Short",0.3394
"28746","USD_CAD",-0.0799,2025-11-21 16:47:28,2025-11-21 15:40:09,-516,0,0,3,NA,"Short",-0.0799
"28750","XAG_USD",0.6563,2025-11-21 16:42:24,2025-11-21 15:40:16,-4,0,0,3,NA,"Short",0.6563
"28808","EUR_AUD",0.1242,2025-11-21 17:47:48,2025-11-21 16:39:57,-303,0,0,3,NA,"Short",0.1242
"28812","USD_CAD",0.0056,2025-11-21 17:47:45,2025-11-21 16:40:04,-516,0,0,3,NA,"Short",0.0056
"28816","XAG_USD",0.8817,2025-11-21 16:51:10,2025-11-21 16:40:11,-4,0,0,3,NA,"Short",0.8817
"28908","EUR_AUD",-0.9969,2025-11-21 18:47:39,2025-11-21 17:40:15,-303,0,0,3,NA,"Short",-0.9969
"28912","USD_CAD",-0.5882,2025-11-21 18:47:35,2025-11-21 17:40:22,-516,0,0,3,NA,"Short",-0.5882
"28916","XAG_USD",0.6541,2025-11-21 18:01:16,2025-11-21 17:40:29,-4,0,0,3,NA,"Short",0.6541
"28976","EUR_AUD",-0.2333,2025-11-21 19:48:36,2025-11-21 18:40:04,-303,0,0,3,NA,"Short",-0.2333
"28980","USD_CAD",0.6274,2025-11-21 19:48:32,2025-11-21 18:40:11,-516,0,0,3,NA,"Short",0.6274
"28984","XAG_USD",0.6486,2025-11-21 18:51:52,2025-11-21 18:40:19,-4,0,0,3,NA,"Short",0.6486
"29044","EUR_AUD",0.609,2025-11-21 19:56:12,2025-11-21 19:41:01,-303,0,0,3,NA,"Short",0.609
"29048","USD_CAD",-0.3029,2025-11-21 20:47:33,2025-11-21 19:41:08,-516,0,0,3,NA,"Short",-0.3029
"29052","XAG_USD",0.7227,2025-11-21 19:50:39,2025-11-21 19:41:15,-4,0,0,3,NA,"Short",0.7227
"29112","EUR_AUD",-0.4181,2025-11-21 21:47:57,2025-11-21 20:40:03,-303,0,0,3,NA,"Short",-0.4181
"29116","USD_CAD",-0.4005,2025-11-21 21:47:53,2025-11-21 20:40:09,-516,0,0,3,NA,"Short",-0.4005
"29120","XAG_USD",0.6558,2025-11-21 21:02:45,2025-11-21 20:40:15,-4,0,0,3,NA,"Short",0.6558
"29172","EUR_AUD",0.1242,2025-11-21 22:48:04,2025-11-21 21:40:15,-303,0,0,3,NA,"Short",0.1242
"29176","USD_CAD",-0.2687,2025-11-21 22:48:00,2025-11-21 21:40:22,-516,0,0,3,NA,"Short",-0.2687
"29180","XAG_USD",-3.4756,2025-11-21 23:30:22,2025-11-21 21:40:29,-4,0,0,3,NA,"Short",-3.4756
"29238","EUR_AUD",0.3909,2025-11-21 23:49:01,2025-11-21 22:40:22,-303,0,0,3,NA,"Short",0.3909
"29242","USD_CAD",0.3053,2025-11-21 23:48:57,2025-11-21 22:40:29,-516,0,0,3,NA,"Short",0.3053
"29246","XAG_USD",-3.3759,2025-11-21 23:45:29,2025-11-21 22:40:36,-4,0,0,3,NA,"Short",-3.3759
"29302","EUR_AUD",0.6181,2025-11-22 00:18:01,2025-11-21 23:41:20,-303,0,0,3,NA,"Short",0.6181
"29306","USD_CAD",0.0622,2025-11-22 00:48:27,2025-11-21 23:41:27,-516,0,0,3,NA,"Short",0.0622
"29310","XAG_USD",-3.3787,2025-11-22 00:55:31,2025-11-21 23:41:33,-4,0,0,3,NA,"Short",-3.3787
"29369","EUR_AUD",-1.0363,2025-11-22 01:48:12,2025-11-22 00:40:45,-303,0,0,3,NA,"Short",-1.0363
"29373","USD_CAD",-1.0632,2025-11-22 01:48:09,2025-11-22 00:40:52,-516,0,0,3,NA,"Short",-1.0632
"29377","XAG_USD",0.6565,2025-11-22 01:29:11,2025-11-22 00:40:59,-4,0,0,3,NA,"Short",0.6565
"29435","EUR_AUD",0.2121,2025-11-22 02:48:11,2025-11-22 01:40:28,-303,0,0,3,NA,"Short",0.2121
"29439","USD_CAD",-0.7307,2025-11-22 02:48:08,2025-11-22 01:40:37,-516,0,0,3,NA,"Short",-0.7307
"29443","XAG_USD",0.6672,2025-11-22 01:47:37,2025-11-22 01:40:44,-4,0,0,3,NA,"Short",0.6672
"29501","EUR_AUD",0.6121,2025-11-22 02:46:15,2025-11-22 02:40:34,-303,0,0,3,NA,"Short",0.6121
"29505","USD_CAD",0.9598,2025-11-22 03:48:08,2025-11-22 02:40:42,-516,0,0,3,NA,"Short",0.9598
"29509","XAG_USD",-3.4026,2025-11-22 03:32:35,2025-11-22 02:40:50,-4,0,0,3,NA,"Short",-3.4026
"29567","EUR_AUD",0.6151,2025-11-22 04:26:13,2025-11-22 03:40:29,-303,0,0,3,NA,"Short",0.6151
"29571","USD_CAD",0.9595,2025-11-22 03:57:56,2025-11-22 03:40:36,-516,0,0,3,NA,"Short",0.9595
"29575","XAG_USD",-3.3894,2025-11-22 03:55:32,2025-11-22 03:40:44,-4,0,0,3,NA,"Short",-3.3894
"29616","EUR_AUD",-0.5484,2025-11-24 15:48:56,2025-11-22 04:40:35,-303,0.0087,0,3,NA,"Short",-0.5397
"29620","USD_CAD",-0.1595,2025-11-24 15:49:00,2025-11-22 04:40:42,-516,-0.0627,0,3,NA,"Short",-0.2222
"29624","XAG_USD",0.6529,2025-11-22 05:05:32,2025-11-22 04:40:49,-4,0,0,3,NA,"Short",0.6529
"29721","EUR_AUD",-0.1757,2025-11-24 22:26:04,2025-11-24 21:24:58,-303,0,0,3,NA,"Short",-0.1757
"29725","EUR_AUD",-0.1848,2025-11-24 22:26:00,2025-11-24 21:25:06,-303,0,0,3,NA,"Short",-0.1848
"29729","USD_CAD",0.2365,2025-11-24 22:25:57,2025-11-24 21:25:13,-515,0,0,3,NA,"Short",0.2365
"29733","USD_CAD",0.2309,2025-11-24 22:25:53,2025-11-24 21:25:20,-515,0,0,3,NA,"Short",0.2309
"29833","EUR_AUD",0.606,2025-11-25 00:18:31,2025-11-24 23:27:31,-303,0,0,3,NA,"Short",0.606
"29873","EUR_AUD",0.606,2025-11-25 02:05:02,2025-11-25 00:23:02,-303,0,0,3,NA,"Short",0.606
"29959","EUR_AUD",0.606,2025-11-25 01:37:06,2025-11-25 01:27:21,-303,0,0,3,NA,"Short",0.606
"29963","USD_CAD",-0.2957,2025-11-25 02:34:06,2025-11-25 01:27:28,-515,0,0,3,NA,"Short",-0.2957
"29967","EUR_AUD",0.609,2025-11-25 01:36:46,2025-11-25 01:27:54,-303,0,0,3,NA,"Short",0.609
"30029","EUR_AUD",0.4696,2025-11-25 03:36:46,2025-11-25 02:26:32,-303,0,0,3,NA,"Short",0.4696
"30033","USD_CAD",0.2081,2025-11-25 03:36:42,2025-11-25 02:26:39,-515,0,0,3,NA,"Short",0.2081
"30037","EUR_AUD",0.606,2025-11-25 04:39:50,2025-11-25 02:27:58,-303,0,0,3,NA,"Short",0.606
"30099","EUR_AUD",0.606,2025-11-25 07:36:55,2025-11-25 03:28:23,-303,0,0,3,NA,"Short",0.606
"30103","EUR_AUD",0.609,2025-11-25 07:33:32,2025-11-25 03:29:15,-303,0,0,3,NA,"Short",0.609
"30107","USD_CAD",0.2529,2025-11-25 13:45:41,2025-11-25 03:29:25,-515,-0.063,0,3,NA,"Short",0.1899
"30991","USD_SEK",-0.497,2025-11-25 16:37:07,2025-11-25 14:29:50,-235,0,0,3,NA,"Short",-0.497
"30995","EUR_AUD",0.0091,2025-11-25 15:36:09,2025-11-25 14:34:12,-303,0,0,3,NA,"Short",0.0091
"30999","SPX500_USD",-0.5294,2025-11-25 15:36:06,2025-11-25 14:34:20,-0.1,0,0,3,NA,"Short",-0.5294
"31003","USD_CAD",-0.3187,2025-11-25 15:36:02,2025-11-25 14:34:23,-516,0,0,3,NA,"Short",-0.3187
"31153","USD_SEK",-0.0413,2025-11-25 18:38:21,2025-11-25 16:29:50,-235,0,0,3,NA,"Short",-0.0413
"31157","EUR_AUD",-0.6363,2025-11-25 17:43:07,2025-11-25 16:34:54,-303,0,0,3,NA,"Short",-0.6363
"31161","SPX500_USD",0.2467,2025-11-25 17:43:03,2025-11-25 16:35:01,-0.1,0,0,3,NA,"Short",0.2467
"31165","USD_CAD",-0.0683,2025-11-25 17:43:00,2025-11-25 16:35:04,-516,0,0,3,NA,"Short",-0.0683
"31243","USD_SEK",-0.2815,2025-11-25 19:37:44,2025-11-25 17:31:01,-235,0,0,3,NA,"Short",-0.2815
"31247","EUR_AUD",-0.4909,2025-11-25 18:43:39,2025-11-25 17:35:31,-303,0,0,3,NA,"Short",-0.4909
"31251","SPX500_USD",0.0154,2025-11-25 18:43:35,2025-11-25 17:35:38,-0.1,0,0,3,NA,"Short",0.0154
"31255","USD_CAD",0.1859,2025-11-25 18:43:32,2025-11-25 17:35:42,-516,0,0,3,NA,"Short",0.1859
"31331","FR40_EUR",-3.5878,2025-11-25 19:37:40,2025-11-25 18:30:57,-0.1,0,0,3,NA,"Short",-3.5878
"31335","USD_SEK",-0.3346,2025-11-25 21:13:09,2025-11-25 18:31:02,-235,0,0,3,NA,"Short",-0.3346
"31341","EUR_AUD",-0.1697,2025-11-25 19:42:46,2025-11-25 18:36:04,-303,0,0,3,NA,"Short",-0.1697
"31345","SPX500_USD",-0.5294,2025-11-25 19:42:43,2025-11-25 18:36:11,-0.1,0,0,3,NA,"Short",-0.5294
"31349","USD_CAD",-0.1537,2025-11-25 19:42:39,2025-11-25 18:36:15,-516,0,0,3,NA,"Short",-0.1537
"31425","FR40_EUR",3.3949,2025-11-25 19:49:07,2025-11-25 19:30:21,-0.1,0,0,3,NA,"Short",3.3949
"31429","USD_SEK",0.1329,2025-11-25 21:13:09,2025-11-25 19:30:24,-235,0,0,3,NA,"Short",0.1329
"31435","EUR_AUD",-0.2454,2025-11-25 20:37:30,2025-11-25 19:35:11,-303,0,0,3,NA,"Short",-0.2454
"31439","SPX500_USD",1.5581,2025-11-25 19:55:09,2025-11-25 19:35:19,-0.1,0,0,3,NA,"Short",1.5581
"31443","USD_CAD",-0.0683,2025-11-25 20:37:26,2025-11-25 19:35:22,-516,0,0,3,NA,"Short",-0.0683
"31528","EUR_AUD",-0.0727,2025-11-25 21:12:56,2025-11-25 20:29:58,-303,0,0,3,NA,"Short",-0.0727
"31532","SPX500_USD",-1.0265,2025-11-25 21:13:04,2025-11-25 20:30:06,-0.1,0,0,3,NA,"Short",-1.0265
"31536","USD_CAD",0.2647,2025-11-25 21:13:07,2025-11-25 20:30:09,-516,0,0,3,NA,"Short",0.2647
"33435","WTICO_USD",3.1578,2025-11-17 12:50:02,2025-11-13 12:51:22,2,0.0059,0,1,NA,"Long",3.1637
"35280","XAG_USD",-2.9794,2025-11-20 18:58:34,2025-11-20 15:46:35,5,0,0,1,NA,"Long",-2.9794
"35284","XAG_USD",-2.9792,2025-11-20 18:58:30,2025-11-20 15:46:37,5,0,0,1,NA,"Long",-2.9792
"35288","XAG_USD",-2.9715,2025-11-20 18:58:23,2025-11-20 15:46:39,5,0,0,1,NA,"Long",-2.9715
"35368","XAG_USD",-2.9699,2025-11-20 19:02:12,2025-11-20 16:44:06,5,0,0,1,NA,"Long",-2.9699
"35372","XAG_USD",-2.9676,2025-11-20 19:02:13,2025-11-20 16:44:08,5,0,0,1,NA,"Long",-2.9676
"35376","XAG_USD",-2.9684,2025-11-20 19:02:13,2025-11-20 16:44:10,5,0,0,1,NA,"Long",-2.9684
"35456","XAG_USD",-2.9868,2025-11-20 19:12:14,2025-11-20 17:44:52,5,0,0,1,NA,"Long",-2.9868
"35460","XAG_USD",-2.9814,2025-11-20 19:12:14,2025-11-20 17:44:54,5,0,0,1,NA,"Long",-2.9814
"35464","XAG_USD",-2.9814,2025-11-20 19:12:14,2025-11-20 17:44:56,5,0,0,1,NA,"Long",-2.9814
"35544","XAG_USD",-2.9897,2025-11-20 19:19:39,2025-11-20 18:44:44,5,0,0,1,NA,"Long",-2.9897
"35548","XAG_USD",-2.9773,2025-11-20 19:19:40,2025-11-20 18:44:46,5,0,0,1,NA,"Long",-2.9773
"35552","XAG_USD",-2.9998,2025-11-20 19:19:39,2025-11-20 18:44:48,5,0,0,1,NA,"Long",-2.9998
"35656","XAG_USD",4.2327,2025-11-20 20:12:07,2025-11-20 19:44:09,5,0,0,1,NA,"Long",4.2327
"35660","XAG_USD",2.3487,2025-11-20 19:57:55,2025-11-20 19:44:11,5,0,0,1,NA,"Long",2.3487
"35664","XAG_USD",1.7358,2025-11-20 19:56:40,2025-11-20 19:44:13,5,0,0,1,NA,"Long",1.7358
"35780","XAG_USD",4.1491,2025-11-21 01:50:50,2025-11-20 21:45:06,5,0,0,1,NA,"Long",4.1491
"35784","XAG_USD",2.3516,2025-11-20 23:59:02,2025-11-20 21:45:08,5,0,0,1,NA,"Long",2.3516
"35788","XAG_USD",1.7186,2025-11-20 23:18:56,2025-11-20 21:45:10,5,0,0,1,NA,"Long",1.7186
"35868","XAG_USD",-2.9803,2025-11-21 03:49:30,2025-11-20 22:44:04,5,0,0,1,NA,"Long",-2.9803
"35872","XAG_USD",2.3282,2025-11-21 00:01:15,2025-11-20 22:44:06,5,0,0,1,NA,"Long",2.3282
"35876","XAG_USD",1.7252,2025-11-20 23:59:17,2025-11-20 22:44:07,5,0,0,1,NA,"Long",1.7252
"35958","XAG_USD",-3.0118,2025-11-21 03:31:55,2025-11-20 23:44:07,5,0,0,1,NA,"Long",-3.0118
"35962","XAG_USD",2.3273,2025-11-21 01:50:00,2025-11-20 23:44:08,5,0,0,1,NA,"Long",2.3273
"35966","XAG_USD",1.7321,2025-11-21 00:04:50,2025-11-20 23:44:10,5,0,0,1,NA,"Long",1.7321
"36062","XAG_USD",-2.9755,2025-11-21 03:30:00,2025-11-21 00:44:18,5,0,0,1,NA,"Long",-2.9755
"36066","XAG_USD",-2.991,2025-11-21 03:30:00,2025-11-21 00:44:20,5,0,0,1,NA,"Long",-2.991
"36070","XAG_USD",1.7225,2025-11-21 01:48:29,2025-11-21 00:44:22,5,0,0,1,NA,"Long",1.7225
"36204","XAG_USD",-3.0858,2025-11-21 03:30:00,2025-11-21 01:44:40,5,0,0,1,NA,"Long",-3.0858
"36208","XAG_USD",-3.0578,2025-11-21 03:30:00,2025-11-21 01:44:41,5,0,0,1,NA,"Long",-3.0578
"36212","XAG_USD",1.7138,2025-11-21 01:49:07,2025-11-21 01:44:43,5,0,0,1,NA,"Long",1.7138
"36312","XAG_USD",-3.0144,2025-11-21 03:26:35,2025-11-21 02:44:37,5,0,0,1,NA,"Long",-3.0144
"36316","XAG_USD",-3.0222,2025-11-21 03:26:35,2025-11-21 02:44:38,5,0,0,1,NA,"Long",-3.0222
"36320","XAG_USD",-2.9819,2025-11-21 03:26:43,2025-11-21 02:44:40,5,0,0,1,NA,"Long",-2.9819
"36520","XAG_USD",-2.9807,2025-11-21 04:07:06,2025-11-21 03:44:48,5,0,0,1,NA,"Long",-2.9807
"36524","XAG_USD",-2.9887,2025-11-21 03:59:28,2025-11-21 03:44:50,5,0,0,1,NA,"Long",-2.9887
"36528","XAG_USD",-3.0121,2025-11-21 03:59:28,2025-11-21 03:44:51,5,0,0,1,NA,"Long",-3.0121
"36776","XAG_USD",4.2121,2025-11-21 06:27:17,2025-11-21 04:44:58,5,0,0,1,NA,"Long",4.2121
"36780","XAG_USD",2.3424,2025-11-21 05:04:16,2025-11-21 04:45:00,5,0,0,1,NA,"Long",2.3424
"36784","XAG_USD",1.742,2025-11-21 04:55:49,2025-11-21 04:45:02,5,0,0,1,NA,"Long",1.742
"36878","XAG_USD",-3.0131,2025-11-21 13:47:07,2025-11-21 05:45:01,5,-0.0647,0,1,NA,"Long",-3.0778
"36882","XAG_USD",2.3362,2025-11-21 06:27:19,2025-11-21 05:45:03,5,0,0,1,NA,"Long",2.3362
"36886","XAG_USD",1.7342,2025-11-21 06:23:24,2025-11-21 05:45:05,5,0,0,1,NA,"Long",1.7342
"36983","XAG_USD",-3.001,2025-11-21 07:41:04,2025-11-21 06:45:03,5,0,0,1,NA,"Long",-3.001
"36987","XAG_USD",-2.9933,2025-11-21 07:41:04,2025-11-21 06:45:05,5,0,0,1,NA,"Long",-2.9933
"36991","XAG_USD",-2.9855,2025-11-21 07:41:03,2025-11-21 06:45:07,5,0,0,1,NA,"Long",-2.9855
"37081","XAG_USD",-3.0132,2025-11-21 12:13:05,2025-11-21 07:45:17,5,-0.0647,0,1,NA,"Long",-3.0779
"37085","XAG_USD",-2.9876,2025-11-21 12:13:05,2025-11-21 07:45:18,5,-0.0647,0,1,NA,"Long",-3.0523
"37089","XAG_USD",1.8441,2025-11-21 10:45:25,2025-11-21 07:45:20,5,-0.0647,0,1,NA,"Long",1.7794
"37171","XAG_USD",-3.0912,2025-11-21 12:12:32,2025-11-21 08:42:17,5,-0.0647,0,1,NA,"Long",-3.1559
"37175","XAG_USD",-3.0912,2025-11-21 12:12:32,2025-11-21 08:42:19,5,-0.0647,0,1,NA,"Long",-3.1559
"37179","XAG_USD",1.7284,2025-11-21 10:45:35,2025-11-21 08:42:21,5,-0.0647,0,1,NA,"Long",1.6637
"37452","XAG_USD",-3.0132,2025-11-21 12:04:31,2025-11-21 10:39:58,5,0,0,1,NA,"Long",-3.0132
"37456","XAG_USD",-3.021,2025-11-21 12:04:31,2025-11-21 10:40:00,5,0,0,1,NA,"Long",-3.021
"37460","XAG_USD",-3.0522,2025-11-21 12:04:31,2025-11-21 10:40:01,5,0,0,1,NA,"Long",-3.0522
"37560","XAG_USD",-3.0257,2025-11-21 12:04:34,2025-11-21 11:39:40,5,0,0,1,NA,"Long",-3.0257
"37564","XAG_USD",-3.0257,2025-11-21 12:04:34,2025-11-21 11:39:42,5,0,0,1,NA,"Long",-3.0257
"37568","XAG_USD",-3.0257,2025-11-21 12:04:34,2025-11-21 11:39:44,5,0,0,1,NA,"Long",-3.0257
"37694","XAG_USD",-2.9825,2025-11-21 14:00:56,2025-11-21 12:39:57,5,0,0,1,NA,"Long",-2.9825
"37698","XAG_USD",2.34,2025-11-21 13:08:01,2025-11-21 12:39:58,5,0,0,1,NA,"Long",2.34
"37702","XAG_USD",1.7426,2025-11-21 12:55:01,2025-11-21 12:40:00,5,0,0,1,NA,"Long",1.7426
"37822","XAG_USD",-2.9947,2025-11-21 13:53:57,2025-11-21 13:39:45,5,0,0,1,NA,"Long",-2.9947
"37826","XAG_USD",-2.9923,2025-11-21 13:53:58,2025-11-21 13:39:47,5,0,0,1,NA,"Long",-2.9923
"37830","XAG_USD",-2.9814,2025-11-21 13:53:58,2025-11-21 13:39:48,5,0,0,1,NA,"Long",-2.9814
"37956","XAG_USD",-3.4992,2025-11-21 16:54:23,2025-11-21 14:40:02,5,0,0,1,NA,"Long",-3.4992
"37960","XAG_USD",-3.4992,2025-11-21 16:54:23,2025-11-21 14:40:03,5,0,0,1,NA,"Long",-3.4992
"37964","XAG_USD",-3.4992,2025-11-21 16:54:23,2025-11-21 14:40:05,5,0,0,1,NA,"Long",-3.4992
"38088","XAG_USD",-2.9942,2025-11-21 18:01:18,2025-11-21 15:40:18,5,0,0,1,NA,"Long",-2.9942
"38092","XAG_USD",-2.9787,2025-11-21 18:01:23,2025-11-21 15:40:20,5,0,0,1,NA,"Long",-2.9787
"38096","XAG_USD",-2.9835,2025-11-21 18:01:25,2025-11-21 15:40:21,5,0,0,1,NA,"Long",-2.9835
"38320","USD_CAD",-0.0137,2025-11-24 15:45:31,2025-11-21 18:40:15,621,0.0197,0,1,NA,"Long",0.006
"38324","USD_CAD",-0.0137,2025-11-24 15:45:31,2025-11-21 18:40:17,621,0.0197,0,1,NA,"Long",0.006
"38446","EUR_AUD",-3.003,2025-11-22 03:30:14,2025-11-21 19:41:07,429,0,0,1,NA,"Long",-3.003
"38450","USD_CAD",0.6515,2025-11-24 15:45:31,2025-11-21 19:41:10,621,0.0197,0,1,NA,"Long",0.6712
"38454","USD_CAD",2.9925,2025-11-22 03:04:33,2025-11-21 19:41:12,621,0,0,1,NA,"Long",2.9925
"38458","USD_CAD",2.3827,2025-11-22 02:36:28,2025-11-21 19:41:14,621,0,0,1,NA,"Long",2.3827
"38462","XAG_USD",-2.9936,2025-11-21 21:04:30,2025-11-21 19:41:17,5,0,0,1,NA,"Long",-2.9936
"38575","EUR_AUD",-3.0116,2025-11-22 03:40:01,2025-11-21 21:40:17,429,0,0,1,NA,"Long",-3.0116
"38579","EUR_AUD",-3.0073,2025-11-22 03:40:01,2025-11-21 21:40:19,429,0,0,1,NA,"Long",-3.0073
"38583","EUR_AUD",-3.003,2025-11-22 03:40:01,2025-11-21 21:40:20,429,0,0,1,NA,"Long",-3.003
"38587","USD_CAD",-0.0069,2025-11-24 15:45:31,2025-11-21 21:40:24,621,0.0197,0,1,NA,"Long",0.0128
"38591","USD_CAD",-0.0206,2025-11-24 15:45:31,2025-11-21 21:40:26,621,0.0197,0,1,NA,"Long",-0.000900000000000001
"38627","EUR_AUD",-3.003,2025-11-22 03:53:40,2025-11-21 22:40:24,429,0,0,1,NA,"Long",-3.003
"38631","EUR_AUD",-3.003,2025-11-22 03:53:40,2025-11-21 22:40:26,429,0,0,1,NA,"Long",-3.003
"38635","EUR_AUD",-3.003,2025-11-22 03:53:39,2025-11-21 22:40:27,429,0,0,1,NA,"Long",-3.003
"38639","USD_CAD",-0.1028,2025-11-24 15:45:31,2025-11-21 22:40:31,621,0.0197,0,1,NA,"Long",-0.0831
"38643","USD_CAD",-0.1234,2025-11-24 15:45:31,2025-11-21 22:40:33,621,0.0197,0,1,NA,"Long",-0.1037
"38647","USD_CAD",-0.1302,2025-11-24 15:45:31,2025-11-21 22:40:34,621,0.0197,0,1,NA,"Long",-0.1105
"38703","EUR_AUD",-3.003,2025-11-22 04:26:12,2025-11-21 23:41:22,429,0,0,1,NA,"Long",-3.003
"38792","EUR_AUD",-1.6302,2025-11-24 15:45:24,2025-11-22 00:40:47,429,-0.0558,0,1,NA,"Long",-1.686
"38796","EUR_AUD",-1.6302,2025-11-24 15:45:24,2025-11-22 00:40:49,429,-0.0558,0,1,NA,"Long",-1.686
"38800","EUR_AUD",-1.6345,2025-11-24 15:45:24,2025-11-22 00:40:50,429,-0.0558,0,1,NA,"Long",-1.6903
"38804","USD_CAD",0.5022,2025-11-24 15:45:31,2025-11-22 00:40:54,621,0.0197,0,1,NA,"Long",0.5219
"38808","USD_CAD",0.5022,2025-11-24 15:45:31,2025-11-22 00:40:56,621,0.0197,0,1,NA,"Long",0.5219
"38812","USD_CAD",2.3902,2025-11-22 02:36:51,2025-11-22 00:40:57,621,0,0,1,NA,"Long",2.3902
"38816","XAG_USD",4.2051,2025-11-22 03:50:56,2025-11-22 00:41:01,5,0,0,1,NA,"Long",4.2051
"38820","XAG_USD",2.3655,2025-11-22 03:34:42,2025-11-22 00:41:03,5,0,0,1,NA,"Long",2.3655
"38824","XAG_USD",1.7273,2025-11-22 01:00:27,2025-11-22 00:41:05,5,0,0,1,NA,"Long",1.7273
"38914","EUR_AUD",-3.0159,2025-11-22 03:57:08,2025-11-22 01:40:30,429,0,0,1,NA,"Long",-3.0159
"38918","EUR_AUD",-3.0073,2025-11-22 03:57:00,2025-11-22 01:40:32,429,0,0,1,NA,"Long",-3.0073
"38922","EUR_AUD",-3.003,2025-11-22 03:57:07,2025-11-22 01:40:35,429,0,0,1,NA,"Long",-3.003
"38926","USD_CAD",-0.7334,2025-11-24 15:45:31,2025-11-22 01:40:39,621,0.0197,0,1,NA,"Long",-0.7137
"38930","USD_CAD",-0.6923,2025-11-24 15:45:31,2025-11-22 01:40:40,621,0.0197,0,1,NA,"Long",-0.6726
"38934","USD_CAD",-0.6718,2025-11-24 15:45:31,2025-11-22 01:40:42,621,0.0197,0,1,NA,"Long",-0.6521
"38938","XAG_USD",4.1799,2025-11-22 03:49:00,2025-11-22 01:40:46,5,0,0,1,NA,"Long",4.1799
"38942","XAG_USD",2.3436,2025-11-22 02:25:09,2025-11-22 01:40:48,5,0,0,1,NA,"Long",2.3436
"38946","XAG_USD",1.7381,2025-11-22 02:12:55,2025-11-22 01:40:49,5,0,0,1,NA,"Long",1.7381
"39110","EUR_AUD",-3.0287,2025-11-22 03:38:19,2025-11-22 02:40:36,429,0,0,1,NA,"Long",-3.0287
"39114","EUR_AUD",-3.0116,2025-11-22 03:30:25,2025-11-22 02:40:37,429,0,0,1,NA,"Long",-3.0116
"39118","EUR_AUD",-3.0244,2025-11-22 03:30:25,2025-11-22 02:40:39,429,0,0,1,NA,"Long",-3.0244
"39122","USD_CAD",-2.1798,2025-11-24 15:45:31,2025-11-22 02:40:44,621,0.0197,0,1,NA,"Long",-2.1601
"39126","USD_CAD",-2.1798,2025-11-24 15:45:31,2025-11-22 02:40:47,621,0.0197,0,1,NA,"Long",-2.1601
"39130","USD_CAD",-2.1661,2025-11-24 15:45:31,2025-11-22 02:40:48,621,0.0197,0,1,NA,"Long",-2.1464
"39134","XAG_USD",4.2033,2025-11-22 03:44:16,2025-11-22 02:40:52,5,0,0,1,NA,"Long",4.2033
"39138","XAG_USD",2.3747,2025-11-22 02:47:39,2025-11-22 02:40:54,5,0,0,1,NA,"Long",2.3747
"39142","XAG_USD",1.7497,2025-11-22 02:46:09,2025-11-22 02:40:55,5,0,0,1,NA,"Long",1.7497
"39374","EUR_AUD",-0.4462,2025-11-24 15:45:24,2025-11-22 03:40:30,429,-0.0558,0,1,NA,"Long",-0.502
"39378","EUR_AUD",-0.4848,2025-11-24 15:45:24,2025-11-22 03:40:32,429,-0.0558,0,1,NA,"Long",-0.5406
"39382","EUR_AUD",-0.4805,2025-11-24 15:45:24,2025-11-22 03:40:34,429,-0.0558,0,1,NA,"Long",-0.5363
"39386","USD_CAD",-1.227,2025-11-24 15:45:31,2025-11-22 03:40:38,621,0.0197,0,1,NA,"Long",-1.2073
"39390","USD_CAD",-1.227,2025-11-24 15:45:31,2025-11-22 03:40:39,621,0.0197,0,1,NA,"Long",-1.2073
"39394","USD_CAD",-1.227,2025-11-24 15:45:31,2025-11-22 03:40:42,621,0.0197,0,1,NA,"Long",-1.2073
"39398","XAG_USD",4.1857,2025-11-22 03:56:47,2025-11-22 03:40:46,5,0,0,1,NA,"Long",4.1857
"39402","XAG_USD",2.3577,2025-11-22 03:51:56,2025-11-22 03:40:48,5,0,0,1,NA,"Long",2.3577
"39406","XAG_USD",1.7516,2025-11-22 03:50:31,2025-11-22 03:40:50,5,0,0,1,NA,"Long",1.7516
"39646","EUR_AUD",0.3732,2025-11-24 15:45:24,2025-11-22 04:40:36,429,-0.0558,0,1,NA,"Long",0.3174
"39650","EUR_AUD",0.3904,2025-11-24 15:45:24,2025-11-22 04:40:38,429,-0.0558,0,1,NA,"Long",0.3346
"39654","EUR_AUD",0.3732,2025-11-24 15:45:24,2025-11-22 04:40:40,429,-0.0558,0,1,NA,"Long",0.3174
"39658","USD_CAD",0.0475,2025-11-24 15:45:31,2025-11-22 04:40:44,621,0.0197,0,1,NA,"Long",0.0672
"39662","USD_CAD",0.0543,2025-11-24 15:45:31,2025-11-22 04:40:45,621,0.0197,0,1,NA,"Long",0.074
"39666","USD_CAD",0.0611,2025-11-24 15:45:31,2025-11-22 04:40:47,621,0.0197,0,1,NA,"Long",0.0808
"39670","XAG_USD",-3.0365,2025-11-22 07:30:01,2025-11-22 04:40:51,5,0,0,1,NA,"Long",-3.0365
"39674","XAG_USD",-2.9898,2025-11-22 07:30:01,2025-11-22 04:40:53,5,0,0,1,NA,"Long",-2.9898
"39678","XAG_USD",-3.0375,2025-11-22 07:30:01,2025-11-22 04:40:57,5,0,0,1,NA,"Long",-3.0375
"40295","EUR_AUD",-3.003,2025-11-25 07:28:00,2025-11-24 21:25:00,429,0,0,1,NA,"Long",-3.003
"40299","EUR_AUD",-3.0202,2025-11-25 07:28:00,2025-11-24 21:25:02,429,0,0,1,NA,"Long",-3.0202
"40303","EUR_AUD",-3.0202,2025-11-25 07:28:00,2025-11-24 21:25:04,429,0,0,1,NA,"Long",-3.0202
"40307","EUR_AUD",-3.003,2025-11-25 07:27:20,2025-11-24 21:25:07,429,0,0,1,NA,"Long",-3.003
"40311","EUR_AUD",-3.003,2025-11-25 07:27:33,2025-11-24 21:25:09,429,0,0,1,NA,"Long",-3.003
"40315","EUR_AUD",-3.0073,2025-11-25 07:28:00,2025-11-24 21:25:11,429,0,0,1,NA,"Long",-3.0073
"40319","USD_CAD",-0.9705,2025-11-26 07:41:29,2025-11-24 21:25:14,620,0.0204,0,1,NA,"Long",-0.9501
"40323","USD_CAD",-0.9705,2025-11-26 07:41:26,2025-11-24 21:25:16,620,0.0204,0,1,NA,"Long",-0.9501
"40327","USD_CAD",-0.9977,2025-11-26 07:41:22,2025-11-24 21:25:18,620,0.0204,0,1,NA,"Long",-0.9773
"40331","USD_CAD",-1.0114,2025-11-26 07:41:18,2025-11-24 21:25:22,620,0.0204,0,1,NA,"Long",-0.991
"40335","USD_CAD",-1.0114,2025-11-26 07:41:14,2025-11-24 21:25:23,620,0.0204,0,1,NA,"Long",-0.991
"40339","USD_CAD",-1.0046,2025-11-26 07:41:11,2025-11-24 21:25:25,620,0.0204,0,1,NA,"Long",-0.9842
"40423","EUR_AUD",-3.003,2025-11-25 04:47:46,2025-11-24 23:27:32,429,0,0,1,NA,"Long",-3.003
"40427","EUR_AUD",-3.003,2025-11-25 04:45:49,2025-11-24 23:27:34,429,0,0,1,NA,"Long",-3.003
"40431","EUR_AUD",-3.0073,2025-11-25 04:40:35,2025-11-24 23:27:36,429,0,0,1,NA,"Long",-3.0073
"40503","EUR_AUD",-3.003,2025-11-26 16:04:57,2025-11-25 00:23:05,429,-0.1128,0,1,NA,"Long",-3.1158
"40511","EUR_AUD",-3.0073,2025-11-26 16:04:57,2025-11-25 00:23:07,429,-0.1128,0,1,NA,"Long",-3.1201
"40519","EUR_AUD",-3.003,2025-11-26 16:05:00,2025-11-25 00:23:09,429,-0.1128,0,1,NA,"Long",-3.1158
"40595","EUR_AUD",-3.1875,2025-11-25 09:04:55,2025-11-25 01:27:23,429,-0.1128,0,1,NA,"Long",-3.3003
"40599","EUR_AUD",-3.2046,2025-11-25 09:04:55,2025-11-25 01:27:25,429,-0.1128,0,1,NA,"Long",-3.3174
"40603","EUR_AUD",-3.2046,2025-11-25 09:04:55,2025-11-25 01:27:26,429,-0.1128,0,1,NA,"Long",-3.3174
"40607","USD_CAD",-0.6424,2025-11-26 07:41:07,2025-11-25 01:27:30,620,0.0204,0,1,NA,"Long",-0.622
"40611","USD_CAD",-0.6424,2025-11-26 07:41:03,2025-11-25 01:27:32,620,0.0204,0,1,NA,"Long",-0.622
"40615","USD_CAD",-0.6424,2025-11-26 07:40:59,2025-11-25 01:27:33,620,0.0204,0,1,NA,"Long",-0.622
"40619","EUR_AUD",-3.2218,2025-11-25 09:04:55,2025-11-25 01:27:56,429,-0.1128,0,1,NA,"Long",-3.3346
"40623","EUR_AUD",-3.2132,2025-11-25 09:04:55,2025-11-25 01:27:58,429,-0.1128,0,1,NA,"Long",-3.326
"40627","EUR_AUD",-3.196,2025-11-25 09:04:55,2025-11-25 01:28:01,429,-0.1128,0,1,NA,"Long",-3.3088
"40711","EUR_AUD",0.7036,2025-11-26 08:54:52,2025-11-25 02:26:34,429,-0.1128,0,1,NA,"Long",0.5908
"40715","EUR_AUD",0.6993,2025-11-26 08:54:48,2025-11-25 02:26:36,429,-0.1128,0,1,NA,"Long",0.5865
"40719","EUR_AUD",4.2471,2025-11-26 01:48:00,2025-11-25 02:26:37,429,-0.1128,0,1,NA,"Long",4.1343
"40723","USD_CAD",-1.1067,2025-11-26 08:54:44,2025-11-25 02:26:41,620,0.0204,0,1,NA,"Long",-1.0863
"40727","USD_CAD",-1.1204,2025-11-26 08:54:41,2025-11-25 02:26:43,620,0.0204,0,1,NA,"Long",-1.1
"40731","USD_CAD",-1.1204,2025-11-26 08:54:37,2025-11-25 02:26:44,620,0.0204,0,1,NA,"Long",-1.1
"40735","EUR_AUD",-3.003,2025-11-27 01:00:49,2025-11-25 02:28:00,429,-0.1128,0,1,NA,"Long",-3.1158
"40739","EUR_AUD",-3.0159,2025-11-27 01:00:39,2025-11-25 02:28:02,429,-0.1128,0,1,NA,"Long",-3.1287
"40743","EUR_AUD",4.2686,2025-11-26 01:46:29,2025-11-25 02:28:04,429,-0.1128,0,1,NA,"Long",4.1558
"40815","EUR_AUD",-3.0159,2025-11-27 09:18:14,2025-11-25 03:28:24,429,-0.3013,0,1,NA,"Long",-3.3172
"40819","EUR_AUD",-3.0073,2025-11-27 09:18:14,2025-11-25 03:28:26,429,-0.3013,0,1,NA,"Long",-3.3086
"40823","EUR_AUD",4.2471,2025-11-26 01:43:25,2025-11-25 03:28:28,429,-0.1128,0,1,NA,"Long",4.1343
"40827","EUR_AUD",1.4329,2025-11-26 09:46:16,2025-11-25 03:29:18,429,-0.1128,0,1,NA,"Long",1.3201
"40831","EUR_AUD",1.3942,2025-11-26 09:46:12,2025-11-25 03:29:20,429,-0.1128,0,1,NA,"Long",1.2814
"40835","EUR_AUD",4.26,2025-11-26 01:44:01,2025-11-25 03:29:22,429,-0.1128,0,1,NA,"Long",4.1472
"40839","USD_CAD",-1.2707,2025-11-26 09:46:08,2025-11-25 03:29:27,620,0.0617,0,1,NA,"Long",-1.209
"40843","USD_CAD",-1.2706,2025-11-26 09:46:05,2025-11-25 03:29:29,620,0.0617,0,1,NA,"Long",-1.2089
"40847","USD_CAD",-1.3184,2025-11-26 09:46:01,2025-11-25 03:29:30,620,0.0617,0,1,NA,"Long",-1.2567
"41741","USD_SEK",-2.0968,2025-11-26 14:38:39,2025-11-25 14:29:52,235,0,0,1,NA,"Long",-2.0968
"41745","USD_SEK",-2.139,2025-11-26 14:38:35,2025-11-25 14:29:54,235,0,0,1,NA,"Long",-2.139
"41749","USD_SEK",1.2535,2025-11-25 23:06:21,2025-11-25 14:29:55,235,0,0,1,NA,"Long",1.2535
"41753","EUR_AUD",-1.8619,2025-11-26 20:44:18,2025-11-25 14:34:14,429,0,0,1,NA,"Long",-1.8619
"41757","EUR_AUD",-1.8619,2025-11-26 20:44:14,2025-11-25 14:34:16,429,0,0,1,NA,"Long",-1.8619
"41761","EUR_AUD",4.2557,2025-11-26 01:43:59,2025-11-25 14:34:18,429,0,0,1,NA,"Long",4.2557
"41765","SPX500_USD",8.6367,2025-11-26 04:34:46,2025-11-25 14:34:22,0.1,0,0,1,NA,"Long",8.6367
"41769","USD_CAD",-3.0006,2025-11-26 15:04:11,2025-11-25 14:34:25,621,0.0413,0,1,NA,"Long",-2.9593
"41773","USD_CAD",-3.004,2025-11-26 17:25:07,2025-11-25 14:34:27,621,0.0413,0,1,NA,"Long",-2.9627
"41777","USD_CAD",-2.9972,2025-11-26 17:24:38,2025-11-25 14:34:29,621,0.0413,0,1,NA,"Long",-2.9559
"41951","USD_SEK",-2.2435,2025-11-26 16:39:06,2025-11-25 16:29:52,235,0,0,1,NA,"Long",-2.2435
"41955","USD_SEK",-2.2423,2025-11-26 16:39:03,2025-11-25 16:29:54,235,0,0,1,NA,"Long",-2.2423
"41959","USD_SEK",-2.2422,2025-11-26 16:38:59,2025-11-25 16:29:55,235,0,0,1,NA,"Long",-2.2422
"41963","EUR_AUD",-0.1802,2025-11-26 22:43:52,2025-11-25 16:34:55,429,0,0,1,NA,"Long",-0.1802
"41967","EUR_AUD",-0.2016,2025-11-26 22:43:38,2025-11-25 16:34:57,429,0,0,1,NA,"Long",-0.2016
"41971","EUR_AUD",4.26,2025-11-26 01:41:46,2025-11-25 16:34:59,429,0,0,1,NA,"Long",4.26
"41975","SPX500_USD",12.8294,2025-11-26 22:43:31,2025-11-25 16:35:03,0.1,-0.1852,0.0166,1,NA,"Long",12.6608
"41979","USD_CAD",-3.0171,2025-11-26 13:15:51,2025-11-25 16:35:06,621,0.0413,0,1,NA,"Long",-2.9758
"41983","USD_CAD",-3.0102,2025-11-26 13:15:51,2025-11-25 16:35:08,621,0.0413,0,1,NA,"Long",-2.9689
"41987","USD_CAD",-3.0102,2025-11-26 13:15:51,2025-11-25 16:35:10,621,0.0413,0,1,NA,"Long",-2.9689
"42085","USD_SEK",-2.1745,2025-11-26 17:39:06,2025-11-25 17:31:02,235,0,0,1,NA,"Long",-2.1745
"42089","USD_SEK",-2.2015,2025-11-26 17:39:03,2025-11-25 17:31:04,235,0,0,1,NA,"Long",-2.2015
"42093","USD_SEK",1.2461,2025-11-25 23:07:48,2025-11-25 17:31:06,235,0,0,1,NA,"Long",1.2461
"42097","EUR_AUD",-0.2445,2025-11-26 23:44:40,2025-11-25 17:35:33,429,0,0,1,NA,"Long",-0.2445
"42101","EUR_AUD",-0.2402,2025-11-26 23:44:36,2025-11-25 17:35:35,429,0,0,1,NA,"Long",-0.2402
"42105","EUR_AUD",4.2471,2025-11-26 01:43:26,2025-11-25 17:35:37,429,0,0,1,NA,"Long",4.2471
"42109","SPX500_USD",11.6537,2025-11-26 23:44:32,2025-11-25 17:35:40,0.1,-0.1852,0.0166,1,NA,"Long",11.4851
"42113","USD_CAD",-3.0307,2025-11-26 13:15:51,2025-11-25 17:35:44,621,0.0413,0,1,NA,"Long",-2.9894
"42117","USD_CAD",-3.0307,2025-11-26 13:15:51,2025-11-25 17:35:46,621,0.0413,0,1,NA,"Long",-2.9894
"42121","USD_CAD",-3.0307,2025-11-26 13:15:51,2025-11-25 17:35:48,621,0.0413,0,1,NA,"Long",-2.9894
"42197","FR40_EUR",20.2306,2025-11-26 18:37:14,2025-11-25 18:31:00,0.1,-0.1755,0,1,NA,"Long",20.0551
"42203","USD_SEK",-1.6277,2025-11-26 18:39:29,2025-11-25 18:31:05,235,0,0,1,NA,"Long",-1.6277
"42207","USD_SEK",-1.6399,2025-11-26 18:39:25,2025-11-25 18:31:08,235,0,0,1,NA,"Long",-1.6399
"42211","USD_SEK",1.25,2025-11-25 22:46:14,2025-11-25 18:31:10,235,0,0,1,NA,"Long",1.25
"42215","EUR_AUD",-1.9391,2025-11-27 00:44:13,2025-11-25 18:36:06,429,0,0,1,NA,"Long",-1.9391
"42219","EUR_AUD",-1.8619,2025-11-27 00:44:09,2025-11-25 18:36:07,429,0,0,1,NA,"Long",-1.8619
"42223","EUR_AUD",4.2643,2025-11-26 01:46:10,2025-11-25 18:36:09,429,0,0,1,NA,"Long",4.2643
"42227","SPX500_USD",13.1029,2025-11-27 00:44:05,2025-11-25 18:36:13,0.1,-0.1852,0.0166,1,NA,"Long",12.9343
"42231","USD_CAD",-3,2025-11-26 14:29:31,2025-11-25 18:36:16,621,0.0413,0,1,NA,"Long",-2.9587
"42235","USD_CAD",-3,2025-11-26 14:29:31,2025-11-25 18:36:18,621,0.0413,0,1,NA,"Long",-2.9587
"42239","USD_CAD",-3,2025-11-26 14:29:31,2025-11-25 18:36:20,621,0.0413,0,1,NA,"Long",-2.9587
"42347","FR40_EUR",18.2269,2025-11-26 18:37:11,2025-11-25 19:30:22,0.1,-0.1755,0,1,NA,"Long",18.0514
"42367","EUR_AUD",-1.7117,2025-11-27 01:44:16,2025-11-25 19:35:13,429,0,0,1,NA,"Long",-1.7117
"42371","EUR_AUD",-1.7374,2025-11-27 01:44:12,2025-11-25 19:35:15,429,0,0,1,NA,"Long",-1.7374
"42375","EUR_AUD",4.2514,2025-11-26 01:45:49,2025-11-25 19:35:17,429,0,0,1,NA,"Long",4.2514
"42379","SPX500_USD",14.9789,2025-11-27 01:44:08,2025-11-25 19:35:20,0.1,-0.1852,0.0166,1,NA,"Long",14.8103
"42383","USD_CAD",-3,2025-11-26 14:29:31,2025-11-25 19:35:24,621,0.0413,0,1,NA,"Long",-2.9587
"42473","EUR_AUD",-3.0244,2025-11-27 01:00:59,2025-11-25 20:30:00,429,0,0,1,NA,"Long",-3.0244
"42477","EUR_AUD",-3.0244,2025-11-27 01:00:59,2025-11-25 20:30:02,429,0,0,1,NA,"Long",-3.0244
"42481","EUR_AUD",4.2643,2025-11-26 01:46:27,2025-11-25 20:30:04,429,0,0,1,NA,"Long",4.2643
"42485","SPX500_USD",17.2239,2025-11-27 02:43:34,2025-11-25 20:30:07,0.1,-0.1852,0.0166,1,NA,"Long",17.0553
"42489","USD_CAD",-3.0475,2025-11-26 14:29:30,2025-11-25 20:30:11,621,0.0413,0,1,NA,"Long",-3.0062
"42493","USD_CAD",-3.0475,2025-11-26 14:29:30,2025-11-25 20:30:13,621,0.0413,0,1,NA,"Long",-3.0062
"42497","USD_CAD",-3.0475,2025-11-26 14:29:30,2025-11-25 20:30:14,621,0.0413,0,1,NA,"Long",-3.0062
"42618","EUR_AUD",-2.6469,2025-11-27 03:43:53,2025-11-25 21:29:47,429,0,0,1,NA,"Long",-2.6469
"42622","EUR_AUD",-2.6426,2025-11-27 03:43:50,2025-11-25 21:29:49,429,0,0,1,NA,"Long",-2.6426
"42626","EUR_AUD",4.2514,2025-11-26 01:45:44,2025-11-25 21:29:51,429,0,0,1,NA,"Long",4.2514
"42630","SPX500_USD",21.1496,2025-11-27 03:43:46,2025-11-25 21:29:54,0.1,-0.1852,0.0166,1,NA,"Long",20.981
"42634","USD_CAD",-2.9971,2025-11-26 17:27:19,2025-11-25 21:29:58,621,0.0413,0,1,NA,"Long",-2.9558
"42638","USD_CAD",-2.9971,2025-11-26 17:27:19,2025-11-25 21:30:00,621,0.0413,0,1,NA,"Long",-2.9558
"42642","USD_CAD",-2.9971,2025-11-26 17:27:19,2025-11-25 21:30:01,621,0.0413,0,1,NA,"Long",-2.9558
"42736","EUR_AUD",-3.003,2025-11-26 14:26:32,2025-11-25 22:29:54,429,0,0,1,NA,"Long",-3.003
"42740","EUR_AUD",-3.0073,2025-11-26 14:26:30,2025-11-25 22:29:56,429,0,0,1,NA,"Long",-3.0073
"42744","EUR_AUD",-3.003,2025-11-26 14:26:30,2025-11-25 22:29:58,429,0,0,1,NA,"Long",-3.003
"42748","SPX500_USD",20.4544,2025-11-27 04:43:34,2025-11-25 22:30:02,0.1,-0.1852,0.0166,1,NA,"Long",20.2858
"42752","USD_CAD",-3.0096,2025-11-26 12:41:31,2025-11-25 22:30:06,621,0.0413,0,1,NA,"Long",-2.9683
"42756","USD_CAD",-3.0096,2025-11-26 12:41:31,2025-11-25 22:30:08,621,0.0413,0,1,NA,"Long",-2.9683
"42760","USD_CAD",-3.0165,2025-11-26 12:41:31,2025-11-25 22:30:10,621,0.0413,0,1,NA,"Long",-2.9752
"42878","FR40_EUR",17.7837,2025-11-26 18:37:07,2025-11-25 23:31:49,0.1,-0.1755,0,1,NA,"Long",17.6082
"43049","FR40_EUR",12.4661,2025-11-26 18:39:21,2025-11-26 00:29:11,0.1,-0.1755,0,1,NA,"Long",12.2906
"43053","USD_SEK",-1.2659,2025-11-27 00:39:24,2025-11-26 00:29:15,235,0,0,1,NA,"Long",-1.2659
"43057","USD_SEK",-1.3343,2025-11-27 00:39:20,2025-11-26 00:29:16,235,0,0,1,NA,"Long",-1.3343
"43061","USD_SEK",-1.3243,2025-11-27 00:39:17,2025-11-26 00:29:18,235,0,0,1,NA,"Long",-1.3243
"43205","FR40_EUR",6.3674,2025-11-26 19:38:48,2025-11-26 01:29:39,0.1,-0.1755,0,1,NA,"Long",6.1919
"43209","USD_SEK",-1.7196,2025-11-27 01:39:10,2025-11-26 01:29:42,235,0,0,1,NA,"Long",-1.7196
"43213","USD_SEK",-1.646,2025-11-27 01:39:06,2025-11-26 01:29:44,235,0,0,1,NA,"Long",-1.646
"43217","USD_SEK",-1.646,2025-11-27 01:39:03,2025-11-26 01:29:46,235,0,0,1,NA,"Long",-1.646
"43227","EUR_AUD",-3.0674,2025-11-26 11:30:59,2025-11-26 01:34:23,429,0,0,1,NA,"Long",-3.0674
"43231","EUR_AUD",-3.1102,2025-11-26 11:30:59,2025-11-26 01:34:24,429,0,0,1,NA,"Long",-3.1102
"43235","EUR_AUD",-3.1102,2025-11-26 11:30:59,2025-11-26 01:34:26,429,0,0,1,NA,"Long",-3.1102
"43239","SPX500_USD",18.2664,2025-11-27 07:43:53,2025-11-26 01:34:30,0.1,-0.1852,0.0166,1,NA,"Long",18.0978
"43243","USD_CAD",-3.0091,2025-11-27 02:49:41,2025-11-26 01:34:33,621,0.0413,0,1,NA,"Long",-2.9678
"43247","USD_CAD",-3.0091,2025-11-27 02:49:41,2025-11-26 01:34:35,621,0.0413,0,1,NA,"Long",-2.9678
"43251","USD_CAD",-3.0091,2025-11-27 02:49:41,2025-11-26 01:34:37,621,0.0413,0,1,NA,"Long",-2.9678
"43515","FR40_EUR",4.764,2025-11-26 20:38:31,2025-11-26 02:25:25,0.1,-0.1755,0,1,NA,"Long",4.5885
"43519","USD_SEK",-1.5371,2025-11-27 02:38:39,2025-11-26 02:25:29,235,0,0,1,NA,"Long",-1.5371
"43523","USD_SEK",-1.5142,2025-11-27 02:38:36,2025-11-26 02:25:31,235,0,0,1,NA,"Long",-1.5142
"43527","USD_SEK",-1.531,2025-11-27 02:38:32,2025-11-26 02:25:33,235,0,0,1,NA,"Long",-1.531
"43683","FR40_EUR",5.2133,2025-11-26 21:39:04,2025-11-26 03:24:50,0.1,-0.1755,0,1,NA,"Long",5.0378
"43687","USD_SEK",-2.1131,2025-11-27 03:38:54,2025-11-26 03:24:54,235,0,0,1,NA,"Long",-2.1131
"43691","USD_SEK",-2.1031,2025-11-27 03:38:50,2025-11-26 03:24:56,235,0,0,1,NA,"Long",-2.1031
"43695","USD_SEK",-2.1035,2025-11-27 03:38:46,2025-11-26 03:24:57,235,0,0,1,NA,"Long",-2.1035
"43789","FR40_EUR",2.6436,2025-11-26 22:38:44,2025-11-26 04:25:13,0.1,-0.1755,0,1,NA,"Long",2.4681
"43793","USD_SEK",-0.8964,2025-11-27 04:39:05,2025-11-26 04:25:16,235,0,0,1,NA,"Long",-0.8964
"43797","USD_SEK",-0.8652,2025-11-27 04:39:01,2025-11-26 04:25:18,235,0,0,1,NA,"Long",-0.8652
"43801","USD_SEK",-0.911,2025-11-27 04:38:58,2025-11-26 04:25:20,235,0,0,1,NA,"Long",-0.911
"43947","FR40_EUR",0.3374,2025-11-26 23:39:27,2025-11-26 05:25:03,0.1,-0.1755,0,1,NA,"Long",0.1619
"43951","USD_SEK",-0.9378,2025-11-27 05:38:46,2025-11-26 05:25:06,235,0,0,1,NA,"Long",-0.9378
"43955","USD_SEK",-0.9378,2025-11-27 05:38:42,2025-11-26 05:25:08,235,0,0,1,NA,"Long",-0.9378
"43959","USD_SEK",-0.9584,2025-11-27 05:38:39,2025-11-26 05:25:10,235,0,0,1,NA,"Long",-0.9584
"44112","FR40_EUR",5.6535,2025-11-27 00:39:13,2025-11-26 06:24:58,0.1,-0.1755,0,1,NA,"Long",5.478
"44116","USD_SEK",-1.1937,2025-11-27 06:38:23,2025-11-26 06:25:01,235,0,0,1,NA,"Long",-1.1937
"44120","USD_SEK",-1.1929,2025-11-27 06:38:19,2025-11-26 06:25:03,235,0,0,1,NA,"Long",-1.1929
"44124","USD_SEK",-1.1983,2025-11-27 06:38:15,2025-11-26 06:25:05,235,0,0,1,NA,"Long",-1.1983
"44252","FR40_EUR",4.0586,2025-11-27 01:38:59,2025-11-26 07:24:59,0.1,-0.1755,0,1,NA,"Long",3.8831
"44256","USD_SEK",-1.33,2025-11-27 07:38:51,2025-11-26 07:25:03,235,0,0,1,NA,"Long",-1.33
"44260","USD_SEK",-1.3323,2025-11-27 07:38:47,2025-11-26 07:25:05,235,0,0,1,NA,"Long",-1.3323
"44264","USD_SEK",-1.3441,2025-11-27 07:38:43,2025-11-26 07:25:07,235,0,0,1,NA,"Long",-1.3441
"44631","USD_SEK",-1.8949,2025-11-27 09:39:21,2025-11-26 09:31:19,234,0.0332,0,1,NA,"Long",-1.8617
"44637","USD_SEK",-1.9317,2025-11-27 09:39:17,2025-11-26 09:31:21,234,0.0332,0,1,NA,"Long",-1.8985
"44641","USD_SEK",-1.8824,2025-11-27 09:39:13,2025-11-26 09:31:23,234,0.0332,0,1,NA,"Long",-1.8492
"44653","EUR_AUD",-3.0759,2025-11-26 11:31:11,2025-11-26 09:36:04,429,0,0,1,NA,"Long",-3.0759
"44657","EUR_AUD",-3.0759,2025-11-26 11:31:11,2025-11-26 09:36:06,429,0,0,1,NA,"Long",-3.0759
"44663","EUR_AUD",-3.0759,2025-11-26 11:31:11,2025-11-26 09:36:07,429,0,0,1,NA,"Long",-3.0759
"44677","USD_CAD",-3.007,2025-11-27 02:54:28,2025-11-26 09:36:15,622,0,0,1,NA,"Long",-3.007
"44683","USD_CAD",-3.0131,2025-11-27 02:53:07,2025-11-26 09:36:16,622,0,0,1,NA,"Long",-3.0131
"44689","USD_CAD",-3.0075,2025-11-27 02:55:23,2025-11-26 09:36:18,622,0,0,1,NA,"Long",-3.0075
"44899","USD_SEK",-1.9376,2025-11-27 10:39:36,2025-11-26 10:30:17,234,0.0332,0,1,NA,"Long",-1.9044
"44903","USD_SEK",-1.9452,2025-11-27 10:39:32,2025-11-26 10:30:19,234,0.0332,0,1,NA,"Long",-1.912
"44907","USD_SEK",-1.9589,2025-11-27 10:39:28,2025-11-26 10:30:21,234,0.0332,0,1,NA,"Long",-1.9257
"44915","EUR_AUD",-3.0073,2025-11-26 14:29:30,2025-11-26 10:35:10,429,0,0,1,NA,"Long",-3.0073
"44919","EUR_AUD",-3.0073,2025-11-26 14:29:30,2025-11-26 10:35:12,429,0,0,1,NA,"Long",-3.0073
"44923","EUR_AUD",-3.0073,2025-11-26 14:29:30,2025-11-26 10:35:14,429,0,0,1,NA,"Long",-3.0073
"44927","SPX500_USD",7.3421,2025-11-27 18:59:32,2025-11-26 10:35:18,0.1,-0.1861,0,1,NA,"Long",7.156
"44931","USD_CAD",-3.0069,2025-11-27 02:57:37,2025-11-26 10:35:21,622,0,0,1,NA,"Long",-3.0069
"44935","USD_CAD",-3.0069,2025-11-27 02:57:37,2025-11-26 10:35:23,622,0,0,1,NA,"Long",-3.0069
"44939","USD_CAD",-3.0069,2025-11-27 02:57:37,2025-11-26 10:35:25,622,0,0,1,NA,"Long",-3.0069
"45098","USD_SEK",-1.8258,2025-11-27 11:39:13,2025-11-26 11:30:56,234,0.0332,0,1,NA,"Long",-1.7926
"45102","USD_SEK",-1.822,2025-11-27 11:39:10,2025-11-26 11:30:58,234,0.0332,0,1,NA,"Long",-1.7888
"45112","USD_SEK",-1.7817,2025-11-27 11:39:06,2025-11-26 11:30:59,234,0.0332,0,1,NA,"Long",-1.7485
"45150","EUR_AUD",-3.003,2025-11-27 04:10:46,2025-11-26 11:35:31,429,0,0,1,NA,"Long",-3.003
"45154","EUR_AUD",-3.003,2025-11-27 04:10:46,2025-11-26 11:35:33,429,0,0,1,NA,"Long",-3.003
"45158","EUR_AUD",-3.0073,2025-11-27 04:10:46,2025-11-26 11:35:35,429,0,0,1,NA,"Long",-3.0073
"45162","SPX500_USD",6.55,2025-11-27 18:59:29,2025-11-26 11:35:38,0.1,-0.1861,0,1,NA,"Long",6.3639
"45166","USD_CAD",-3.0075,2025-11-27 02:55:23,2025-11-26 11:35:42,622,0,0,1,NA,"Long",-3.0075
"45170","USD_CAD",-3.0075,2025-11-27 02:55:23,2025-11-26 11:35:44,622,0,0,1,NA,"Long",-3.0075
"45174","USD_CAD",-3.0075,2025-11-27 02:55:24,2025-11-26 11:35:45,622,0,0,1,NA,"Long",-3.0075
"45316","USD_SEK",-1.922,2025-11-27 12:40:06,2025-11-26 12:30:37,234,0.0332,0,1,NA,"Long",-1.8888
"45320","USD_SEK",-1.8301,2025-11-27 12:40:02,2025-11-26 12:30:39,234,0.0332,0,1,NA,"Long",-1.7969
"45324","USD_SEK",-1.8343,2025-11-27 12:39:58,2025-11-26 12:30:41,234,0.0332,0,1,NA,"Long",-1.8011
"45332","EUR_AUD",-3.003,2025-11-27 10:44:30,2025-11-26 12:35:30,429,-0.1885,0,1,NA,"Long",-3.1915
"45336","EUR_AUD",-3.003,2025-11-27 09:18:21,2025-11-26 12:35:32,429,-0.1885,0,1,NA,"Long",-3.1915
"45340","EUR_AUD",-3.003,2025-11-27 10:44:30,2025-11-26 12:35:34,429,-0.1885,0,1,NA,"Long",-3.1915
"45344","SPX500_USD",5.5141,2025-11-27 18:59:25,2025-11-26 12:35:38,0.1,-0.1861,0,1,NA,"Long",5.328
"45348","USD_CAD",-3.0055,2025-11-27 05:19:48,2025-11-26 12:35:41,622,0,0,1,NA,"Long",-3.0055
"45352","USD_CAD",-3.0055,2025-11-27 05:19:48,2025-11-26 12:35:43,622,0,0,1,NA,"Long",-3.0055
"45356","USD_CAD",-3.0055,2025-11-27 05:19:48,2025-11-26 12:35:45,622,0,0,1,NA,"Long",-3.0055
"45600","USD_SEK",-1.6061,2025-11-27 13:40:07,2025-11-26 13:31:03,234,0.0332,0,1,NA,"Long",-1.5729
"45604","USD_SEK",-1.6479,2025-11-27 13:40:03,2025-11-26 13:31:04,234,0.0332,0,1,NA,"Long",-1.6147
"45608","USD_SEK",-1.6441,2025-11-27 13:40:00,2025-11-26 13:31:06,234,0.0332,0,1,NA,"Long",-1.6109
"45616","EUR_AUD",-3.003,2025-11-27 09:18:19,2025-11-26 13:35:16,429,-0.1885,0,1,NA,"Long",-3.1915
"45620","EUR_AUD",-3.0116,2025-11-27 09:18:21,2025-11-26 13:35:17,429,-0.1885,0,1,NA,"Long",-3.2001
"45624","EUR_AUD",-3.0116,2025-11-27 09:18:21,2025-11-26 13:35:19,429,-0.1885,0,1,NA,"Long",-3.2001
"45628","SPX500_USD",5.1825,2025-11-27 19:36:01,2025-11-26 13:35:23,0.1,-0.1861,0,1,NA,"Long",4.9964
"45632","USD_CAD",-3.0125,2025-11-27 06:00:48,2025-11-26 13:35:27,622,0,0,1,NA,"Long",-3.0125
"45636","USD_CAD",-3.0125,2025-11-27 06:00:48,2025-11-26 13:35:28,622,0,0,1,NA,"Long",-3.0125
"45640","USD_CAD",-3.0125,2025-11-27 06:00:48,2025-11-26 13:35:30,622,0,0,1,NA,"Long",-3.0125
"45852","USD_SEK",-1.0029,2025-11-27 14:41:16,2025-11-26 14:31:04,234,0.0332,0,1,NA,"Long",-0.9697
"45856","USD_SEK",-1.0044,2025-11-27 14:41:13,2025-11-26 14:31:06,234,0.0332,0,1,NA,"Long",-0.9712
"45864","USD_SEK",1.2385,2025-11-26 23:37:18,2025-11-26 14:31:08,234,0,0,1,NA,"Long",1.2385
"45874","EUR_AUD",-3.0073,2025-11-27 15:53:24,2025-11-26 14:35:29,429,-0.1885,0,1,NA,"Long",-3.1958
"45878","EUR_AUD",-3.003,2025-11-27 15:48:11,2025-11-26 14:35:31,429,-0.1885,0,1,NA,"Long",-3.1915
"45882","EUR_AUD",-3.003,2025-11-27 15:48:07,2025-11-26 14:35:33,429,-0.1885,0,1,NA,"Long",-3.1915
"45886","SPX500_USD",4.6051,2025-11-27 20:42:15,2025-11-26 14:35:37,0.1,-0.1861,0,1,NA,"Long",4.419
"45890","USD_CAD",-3.0007,2025-11-27 13:04:44,2025-11-26 14:35:40,622,0,0,1,NA,"Long",-3.0007
"45894","USD_CAD",-3.0007,2025-11-27 13:04:44,2025-11-26 14:35:42,622,0,0,1,NA,"Long",-3.0007
"45898","USD_CAD",-3.001,2025-11-27 13:04:03,2025-11-26 14:35:44,622,0,0,1,NA,"Long",-3.001
"46092","USD_SEK",-1.15,2025-11-27 15:40:49,2025-11-26 15:30:40,234,0.0332,0,1,NA,"Long",-1.1168
"46096","USD_SEK",-1.1508,2025-11-27 15:40:46,2025-11-26 15:30:42,234,0.0332,0,1,NA,"Long",-1.1176
"46100","USD_SEK",-1.1508,2025-11-27 15:40:42,2025-11-26 15:30:44,234,0.0332,0,1,NA,"Long",-1.1176
"46104","EUR_AUD",-3.003,2025-11-27 15:38:05,2025-11-26 15:35:04,429,-0.1885,0,1,NA,"Long",-3.1915
"46108","EUR_AUD",-3.003,2025-11-27 15:38:05,2025-11-26 15:35:06,429,-0.1885,0,1,NA,"Long",-3.1915
"46112","EUR_AUD",-3.0073,2025-11-27 15:38:05,2025-11-26 15:35:08,429,-0.1885,0,1,NA,"Long",-3.1958
"46120","SPX500_USD",4.7887,2025-11-27 21:42:43,2025-11-26 15:35:11,0.1,-0.1861,0,1,NA,"Long",4.6026
"46124","USD_CAD",-3.0012,2025-11-27 13:00:35,2025-11-26 15:35:15,622,0,0,1,NA,"Long",-3.0012
"46128","USD_CAD",-3.0012,2025-11-27 13:00:35,2025-11-26 15:35:17,622,0,0,1,NA,"Long",-3.0012
"46132","USD_CAD",-3.0012,2025-11-27 13:00:35,2025-11-26 15:35:19,622,0,0,1,NA,"Long",-3.0012
"46324","USD_SEK",-0.7475,2025-11-27 19:03:45,2025-11-26 16:31:25,234,0.0332,0,1,NA,"Long",-0.7143
"46328","USD_SEK",-0.7569,2025-11-27 19:03:42,2025-11-26 16:31:27,234,0.0332,0,1,NA,"Long",-0.7237
"46332","USD_SEK",-0.7201,2025-11-27 19:03:38,2025-11-26 16:31:29,234,0.0332,0,1,NA,"Long",-0.6869
"46340","EUR_AUD",-3.003,2025-11-27 20:34:35,2025-11-26 16:36:06,429,-0.1885,0,1,NA,"Long",-3.1915
"46344","EUR_AUD",-3.0159,2025-11-27 20:34:35,2025-11-26 16:36:07,429,-0.1885,0,1,NA,"Long",-3.2044
"46348","EUR_AUD",-3.003,2025-11-27 20:34:11,2025-11-26 16:36:09,429,-0.1885,0,1,NA,"Long",-3.1915
"46352","SPX500_USD",3.7192,2025-11-27 22:42:19,2025-11-26 16:36:13,0.1,-0.1861,0,1,NA,"Long",3.5331
"46356","USD_CAD",-3.001,2025-11-27 13:00:37,2025-11-26 16:36:17,622,0,0,1,NA,"Long",-3.001
"46360","USD_CAD",-3.0078,2025-11-27 13:00:37,2025-11-26 16:36:18,622,0,0,1,NA,"Long",-3.0078
"46364","USD_CAD",-3.0011,2025-11-27 13:00:12,2025-11-26 16:36:20,622,0,0,1,NA,"Long",-3.0011
"46570","USD_SEK",-0.3527,2025-11-27 19:03:34,2025-11-26 17:31:26,234,0.0332,0,1,NA,"Long",-0.3195
"46574","USD_SEK",-0.3606,2025-11-27 19:03:30,2025-11-26 17:31:28,234,0.0332,0,1,NA,"Long",-0.3274
"46578","USD_SEK",1.2463,2025-11-26 23:16:13,2025-11-26 17:31:30,234,0,0,1,NA,"Long",1.2463
"46586","EUR_AUD",-3.0073,2025-11-27 18:59:16,2025-11-26 17:36:03,429,-0.1885,0,1,NA,"Long",-3.1958
"46590","EUR_AUD",-3.0073,2025-11-27 18:59:16,2025-11-26 17:36:05,429,-0.1885,0,1,NA,"Long",-3.1958
"46594","EUR_AUD",-3.0073,2025-11-27 18:59:16,2025-11-26 17:36:06,429,-0.1885,0,1,NA,"Long",-3.1958
"46598","SPX500_USD",3.2313,2025-11-27 23:43:36,2025-11-26 17:36:10,0.1,-0.1861,0,1,NA,"Long",3.0452
"46602","USD_CAD",-2.0055,2025-11-27 23:43:32,2025-11-26 17:36:14,622,0,0,1,NA,"Long",-2.0055
"46606","USD_CAD",-2.0191,2025-11-27 23:43:29,2025-11-26 17:36:15,622,0,0,1,NA,"Long",-2.0191
"46610","USD_CAD",-2.0532,2025-11-27 23:43:25,2025-11-26 17:36:17,622,0,0,1,NA,"Long",-2.0532
"46812","FR40_EUR",1.3069,2025-11-27 19:03:26,2025-11-26 18:31:51,0.1,-0.1758,0,1,NA,"Long",1.1311
"46816","USD_SEK",-0.6833,2025-11-27 19:03:22,2025-11-26 18:31:55,234,0.0332,0,1,NA,"Long",-0.6501
"46820","USD_SEK",-0.692,2025-11-27 19:03:18,2025-11-26 18:31:56,234,0.0332,0,1,NA,"Long",-0.6588
"46824","USD_SEK",1.234,2025-11-26 23:39:07,2025-11-26 18:31:58,234,0,0,1,NA,"Long",1.234
"46832","EUR_AUD",-3.003,2025-11-27 15:39:02,2025-11-26 18:36:19,429,-0.1885,0,1,NA,"Long",-3.1915
"46836","EUR_AUD",-3.003,2025-11-27 15:39:02,2025-11-26 18:36:21,429,-0.1885,0,1,NA,"Long",-3.1915
"46840","EUR_AUD",-3.003,2025-11-27 15:39:02,2025-11-26 18:36:23,429,-0.1885,0,1,NA,"Long",-3.1915
"46844","SPX500_USD",2.9732,2025-11-28 00:42:49,2025-11-26 18:36:26,0.1,-0.1861,0,1,NA,"Long",2.7871
"46848","USD_CAD",-3.0007,2025-11-27 13:08:11,2025-11-26 18:36:30,622,0,0,1,NA,"Long",-3.0007
"46852","USD_CAD",-3.0001,2025-11-27 13:37:42,2025-11-26 18:36:32,622,0,0,1,NA,"Long",-3.0001
"46856","USD_CAD",-3.0007,2025-11-27 13:12:05,2025-11-26 18:36:34,622,0,0,1,NA,"Long",-3.0007
"47028","FR40_EUR",5.757,2025-11-27 19:03:15,2025-11-26 19:31:28,0.1,-0.1758,0,1,NA,"Long",5.5812
"47032","USD_SEK",-1.1502,2025-11-27 19:32:09,2025-11-26 19:31:32,234,0.0332,0,1,NA,"Long",-1.117
"47036","USD_SEK",-1.1578,2025-11-27 19:32:05,2025-11-26 19:31:34,234,0.0332,0,1,NA,"Long",-1.1246
"47040","USD_SEK",-1.1616,2025-11-27 19:32:01,2025-11-26 19:31:36,234,0.0332,0,1,NA,"Long",-1.1284
"47048","EUR_AUD",-3.0073,2025-11-27 15:53:34,2025-11-26 19:35:21,429,-0.1885,0,1,NA,"Long",-3.1958
"47052","EUR_AUD",-3.003,2025-11-27 15:53:34,2025-11-26 19:35:23,429,-0.1885,0,1,NA,"Long",-3.1915
"47056","EUR_AUD",-3.003,2025-11-27 15:53:34,2025-11-26 19:35:25,429,-0.1885,0,1,NA,"Long",-3.1915
"47060","SPX500_USD",4.8556,2025-11-28 12:33:23,2025-11-26 19:35:28,0.1,-0.3731,0.039,1,NA,"Long",4.5215
"47064","USD_CAD",-3.0078,2025-11-27 13:00:10,2025-11-26 19:35:32,622,0,0,1,NA,"Long",-3.0078
"47068","USD_CAD",-3.001,2025-11-27 13:00:10,2025-11-26 19:35:34,622,0,0,1,NA,"Long",-3.001
"47072","USD_CAD",-3.0146,2025-11-27 13:00:10,2025-11-26 19:35:36,622,0,0,1,NA,"Long",-3.0146
"47218","FR40_EUR",7.6996,2025-11-27 19:03:11,2025-11-26 20:31:12,0.1,-0.1758,0,1,NA,"Long",7.5238
"47222","USD_SEK",-1.162,2025-11-27 20:37:42,2025-11-26 20:31:16,234,0.0332,0,1,NA,"Long",-1.1288
"47226","USD_SEK",-1.1639,2025-11-27 20:37:38,2025-11-26 20:31:17,234,0.0332,0,1,NA,"Long",-1.1307
"47230","USD_SEK",-1.1685,2025-11-27 20:37:34,2025-11-26 20:31:19,234,0.0332,0,1,NA,"Long",-1.1353
"47244","EUR_AUD",-3.003,2025-11-27 20:33:22,2025-11-26 20:36:47,429,-0.1885,0,1,NA,"Long",-3.1915
"47248","EUR_AUD",-3.0073,2025-11-27 20:33:22,2025-11-26 20:36:49,429,-0.1885,0,1,NA,"Long",-3.1958
"47252","EUR_AUD",-3.0073,2025-11-27 20:33:22,2025-11-26 20:36:51,429,-0.1885,0,1,NA,"Long",-3.1958
"47256","SPX500_USD",6.2713,2025-11-28 12:33:20,2025-11-26 20:36:55,0.1,-0.3731,0.039,1,NA,"Long",5.9372
"47260","USD_CAD",-3.0059,2025-11-27 05:51:53,2025-11-26 20:36:58,622,0,0,1,NA,"Long",-3.0059
"47264","USD_CAD",-3.0053,2025-11-27 06:00:20,2025-11-26 20:37:00,622,0,0,1,NA,"Long",-3.0053
"47268","USD_CAD",-3.0059,2025-11-27 05:51:50,2025-11-26 20:37:02,622,0,0,1,NA,"Long",-3.0059
"47404","FR40_EUR",7.6111,2025-11-27 19:03:07,2025-11-26 21:31:44,0.1,-0.1758,0,1,NA,"Long",7.4353
"47408","USD_SEK",-1.6353,2025-11-27 21:38:33,2025-11-26 21:31:48,234,0.0332,0,1,NA,"Long",-1.6021
"47412","USD_SEK",-1.6349,2025-11-27 21:38:30,2025-11-26 21:31:50,234,0.0332,0,1,NA,"Long",-1.6017
"47416","USD_SEK",-1.6315,2025-11-27 21:38:26,2025-11-26 21:31:52,234,0.0332,0,1,NA,"Long",-1.5983
"47424","EUR_AUD",-3.003,2025-11-27 15:48:07,2025-11-26 21:36:02,429,-0.1885,0,1,NA,"Long",-3.1915
"47428","EUR_AUD",-3.003,2025-11-27 15:48:07,2025-11-26 21:36:04,429,-0.1885,0,1,NA,"Long",-3.1915
"47432","EUR_AUD",-3.003,2025-11-27 15:48:07,2025-11-26 21:36:05,429,-0.1885,0,1,NA,"Long",-3.1915
"47436","SPX500_USD",5.6928,2025-11-28 12:33:16,2025-11-26 21:36:09,0.1,-0.3731,0.039,1,NA,"Long",5.3587
"47440","USD_CAD",-3.0121,2025-11-27 05:17:26,2025-11-26 21:36:12,622,0,0,1,NA,"Long",-3.0121
"47444","USD_CAD",-3.0121,2025-11-27 05:17:26,2025-11-26 21:36:14,622,0,0,1,NA,"Long",-3.0121
"47448","USD_CAD",-3.0121,2025-11-27 05:17:26,2025-11-26 21:36:16,622,0,0,1,NA,"Long",-3.0121
"47580","FR40_EUR",4.3442,2025-11-27 19:03:03,2025-11-26 22:31:24,0.1,-0.1758,0,1,NA,"Long",4.1684
"47584","USD_SEK",-1.7117,2025-11-27 22:38:06,2025-11-26 22:31:28,234,0.0332,0,1,NA,"Long",-1.6785
"47588","USD_SEK",-1.6958,2025-11-27 22:38:02,2025-11-26 22:31:30,234,0.0332,0,1,NA,"Long",-1.6626
"47592","USD_SEK",-1.6957,2025-11-27 22:37:58,2025-11-26 22:31:32,234,0.0332,0,1,NA,"Long",-1.6625
"47600","EUR_AUD",-3.003,2025-11-27 14:50:32,2025-11-26 22:35:57,429,-0.1885,0,1,NA,"Long",-3.1915
"47604","EUR_AUD",-3.003,2025-11-27 14:50:32,2025-11-26 22:35:59,429,-0.1885,0,1,NA,"Long",-3.1915
"47608","EUR_AUD",-3.0116,2025-11-27 14:50:20,2025-11-26 22:36:01,429,-0.1885,0,1,NA,"Long",-3.2001
"47612","SPX500_USD",5.7382,2025-11-28 12:33:12,2025-11-26 22:36:05,0.1,-0.3731,0.039,1,NA,"Long",5.4041
"47616","USD_CAD",-3.0066,2025-11-27 04:42:18,2025-11-26 22:36:08,622,0,0,1,NA,"Long",-3.0066
"47620","USD_CAD",-3.0134,2025-11-27 04:42:52,2025-11-26 22:36:10,622,0,0,1,NA,"Long",-3.0134
"47624","USD_CAD",-3.0134,2025-11-27 04:42:52,2025-11-26 22:36:12,622,0,0,1,NA,"Long",-3.0134
"47796","FR40_EUR",7.6993,2025-11-27 19:02:59,2025-11-26 23:32:08,0.1,-0.1758,0,1,NA,"Long",7.5235
"47806","USD_SEK",-1.9149,2025-11-27 23:39:09,2025-11-26 23:32:12,234,0.0332,0,1,NA,"Long",-1.8817
"47810","USD_SEK",-1.9362,2025-11-27 23:39:05,2025-11-26 23:32:14,234,0.0332,0,1,NA,"Long",-1.903
"47814","USD_SEK",-1.9294,2025-11-27 23:39:01,2025-11-26 23:32:15,234,0.0332,0,1,NA,"Long",-1.8962
"47818","EUR_AUD",-3.0073,2025-11-27 10:44:29,2025-11-26 23:37:05,429,-0.1885,0,1,NA,"Long",-3.1958
"47822","EUR_AUD",-3.0073,2025-11-27 09:18:21,2025-11-26 23:37:07,429,-0.1885,0,1,NA,"Long",-3.1958
"47826","EUR_AUD",-3.0073,2025-11-27 09:18:21,2025-11-26 23:37:09,429,-0.1885,0,1,NA,"Long",-3.1958
"47830","SPX500_USD",7.3212,2025-11-28 12:33:08,2025-11-26 23:37:13,0.1,-0.3731,0.039,1,NA,"Long",6.9871
"47838","USD_CAD",-3.0045,2025-11-27 03:05:11,2025-11-26 23:37:16,622,0,0,1,NA,"Long",-3.0045
"47844","USD_CAD",-3.0045,2025-11-27 03:05:11,2025-11-26 23:37:18,622,0,0,1,NA,"Long",-3.0045
"47848","USD_CAD",-3.0045,2025-11-27 03:05:11,2025-11-26 23:37:20,622,0,0,1,NA,"Long",-3.0045
"48060","FR40_EUR",5.4036,2025-11-27 19:02:56,2025-11-27 00:31:54,0.1,-0.1758,0,1,NA,"Long",5.2278
"48064","USD_SEK",-1.3483,2025-11-28 00:38:30,2025-11-27 00:31:57,234,0.0332,0,1,NA,"Long",-1.3151
"48068","USD_SEK",-1.343,2025-11-28 00:38:26,2025-11-27 00:31:59,234,0.0332,0,1,NA,"Long",-1.3098
"48072","USD_SEK",-1.3206,2025-11-28 00:38:22,2025-11-27 00:32:01,234,0.0332,0,1,NA,"Long",-1.2874
"48080","EUR_AUD",-3.003,2025-11-27 20:34:37,2025-11-27 00:36:38,429,-0.1885,0,1,NA,"Long",-3.1915
"48084","EUR_AUD",-3.003,2025-11-27 20:34:22,2025-11-27 00:36:40,429,-0.1885,0,1,NA,"Long",-3.1915
"48088","EUR_AUD",-3.0073,2025-11-27 20:34:35,2025-11-27 00:36:42,429,-0.1885,0,1,NA,"Long",-3.1958
"48092","SPX500_USD",5.5404,2025-11-28 12:33:05,2025-11-27 00:36:46,0.1,-0.3731,0.039,1,NA,"Long",5.2063
"48096","USD_CAD",-3.0041,2025-11-27 03:23:20,2025-11-27 00:36:49,622,0,0,1,NA,"Long",-3.0041
"48100","USD_CAD",-3.0047,2025-11-27 03:27:34,2025-11-27 00:36:51,622,0,0,1,NA,"Long",-3.0047
"48104","USD_CAD",-3.0041,2025-11-27 03:23:20,2025-11-27 00:36:53,622,0,0,1,NA,"Long",-3.0041
"48286","FR40_EUR",3.7289,2025-11-27 19:31:57,2025-11-27 01:31:39,0.1,-0.1758,0,1,NA,"Long",3.5531
"48290","USD_SEK",-2.2213,2025-11-28 08:42:09,2025-11-27 01:31:42,234,0.0332,0,1,NA,"Long",-2.1881
"48294","USD_SEK",-2.2213,2025-11-28 08:42:05,2025-11-27 01:31:44,234,0.0332,0,1,NA,"Long",-2.1881
"48298","USD_SEK",-2.2213,2025-11-28 08:42:01,2025-11-27 01:31:46,234,0.0332,0,1,NA,"Long",-2.1881
"48306","EUR_AUD",-2.338,2025-11-28 08:40:19,2025-11-27 01:36:42,429,-0.1885,0,1,NA,"Long",-2.5265
"48310","EUR_AUD",-2.3681,2025-11-28 08:40:15,2025-11-27 01:36:44,429,-0.1885,0,1,NA,"Long",-2.5566
"48314","EUR_AUD",-2.3681,2025-11-28 08:40:12,2025-11-27 01:36:46,429,-0.1885,0,1,NA,"Long",-2.5566
"48318","SPX500_USD",3.5008,2025-11-28 12:33:01,2025-11-27 01:36:49,0.1,-0.3731,0.039,1,NA,"Long",3.1667
"48322","USD_CAD",-3.0066,2025-11-27 04:42:18,2025-11-27 01:36:53,622,0,0,1,NA,"Long",-3.0066
"48326","USD_CAD",-3.0066,2025-11-27 04:42:18,2025-11-27 01:36:54,622,0,0,1,NA,"Long",-3.0066
"48330","USD_CAD",-3.0066,2025-11-27 04:42:18,2025-11-27 01:36:56,622,0,0,1,NA,"Long",-3.0066
"48524","FR40_EUR",3.0181,2025-11-27 20:37:31,2025-11-27 02:31:13,0.1,-0.1758,0,1,NA,"Long",2.8423
"48528","USD_SEK",-1.6325,2025-11-28 08:41:58,2025-11-27 02:31:17,234,0.0332,0,1,NA,"Long",-1.5993
"48532","USD_SEK",-1.5956,2025-11-28 08:41:54,2025-11-27 02:31:18,234,0.0332,0,1,NA,"Long",-1.5624
"48536","USD_SEK",-1.6097,2025-11-28 08:41:50,2025-11-27 02:31:20,234,0.0332,0,1,NA,"Long",-1.5765
"48544","EU50_EUR",2.9636,2025-11-28 12:32:57,2025-11-27 02:36:04,0.1,-0.2451,0,1,NA,"Long",2.7185
"48548","EUR_AUD",-3.0202,2025-11-27 20:33:20,2025-11-27 02:36:08,429,-0.1885,0,1,NA,"Long",-3.2087
"48552","EUR_AUD",-3.003,2025-11-27 20:33:00,2025-11-27 02:36:10,429,-0.1885,0,1,NA,"Long",-3.1915
"48556","EUR_AUD",-3.003,2025-11-27 20:33:22,2025-11-27 02:36:12,429,-0.1885,0,1,NA,"Long",-3.1915
"48560","SPX500_USD",2.9679,2025-11-28 12:32:54,2025-11-27 02:36:15,0.1,-0.3731,0.039,1,NA,"Long",2.6338
"48564","USD_CAD",-2.9988,2025-11-27 16:20:56,2025-11-27 02:36:19,622,0,0,1,NA,"Long",-2.9988
"48568","USD_CAD",-2.9988,2025-11-27 16:20:56,2025-11-27 02:36:21,622,0,0,1,NA,"Long",-2.9988
"48572","USD_CAD",-3.0001,2025-11-27 13:37:42,2025-11-27 02:36:22,622,0,0,1,NA,"Long",-3.0001
"48802","FR40_EUR",-0.8207,2025-11-27 21:38:22,2025-11-27 03:31:28,0.1,-0.1758,0,1,NA,"Long",-0.9965
"48806","USD_SEK",-0.7365,2025-11-28 08:41:47,2025-11-27 03:31:31,234,0.0332,0,1,NA,"Long",-0.7033
"48810","USD_SEK",-0.7365,2025-11-28 08:41:43,2025-11-27 03:31:33,234,0.0332,0,1,NA,"Long",-0.7033
"48814","USD_SEK",-0.7365,2025-11-28 08:41:38,2025-11-27 03:31:35,234,0.0332,0,1,NA,"Long",-0.7033
"48818","EU50_EUR",-0.4276,2025-11-28 12:32:50,2025-11-27 03:36:16,0.1,-0.2451,0,1,NA,"Long",-0.6727
"48822","EUR_AUD",-3.003,2025-11-28 11:35:32,2025-11-27 03:36:19,429,-0.2461,0,1,NA,"Long",-3.2491
"48826","EUR_AUD",-3.003,2025-11-28 11:27:36,2025-11-27 03:36:21,429,-0.2461,0,1,NA,"Long",-3.2491
"48830","EUR_AUD",-3.0073,2025-11-27 20:37:38,2025-11-27 03:36:23,429,-0.1885,0,1,NA,"Long",-3.1958
"48834","SPX500_USD",-0.246,2025-11-28 12:32:46,2025-11-27 03:36:27,0.1,-0.3731,0.039,1,NA,"Long",-0.5801
"48838","USD_CAD",-1.5411,2025-11-28 09:46:08,2025-11-27 03:36:30,622,0.1074,0,1,NA,"Long",-1.4337
"48846","USD_CAD",-1.6093,2025-11-28 09:46:05,2025-11-27 03:36:32,622,0.1074,0,1,NA,"Long",-1.5019
"48850","USD_CAD",-1.6093,2025-11-28 09:46:01,2025-11-27 03:36:34,622,0.1074,0,1,NA,"Long",-1.5019
"49012","FR40_EUR",-1.7127,2025-11-27 22:37:55,2025-11-27 04:31:39,0.1,-0.1758,0,1,NA,"Long",-1.8885
"49016","USD_SEK",-1.0992,2025-11-28 08:41:34,2025-11-27 04:31:42,234,0.0332,0,1,NA,"Long",-1.066
"49020","USD_SEK",-1.1022,2025-11-28 08:41:30,2025-11-27 04:31:44,234,0.0332,0,1,NA,"Long",-1.069
"49024","USD_SEK",-1.1049,2025-11-28 08:41:26,2025-11-27 04:31:46,234,0.0332,0,1,NA,"Long",-1.0717
"49032","EU50_EUR",-0.9622,2025-11-28 12:32:43,2025-11-27 04:36:04,0.1,-0.2451,0,1,NA,"Long",-1.2073
"49036","EUR_AUD",-3.003,2025-11-28 12:28:36,2025-11-27 04:36:08,429,-0.2461,0,1,NA,"Long",-3.2491
"49040","EUR_AUD",-3.0073,2025-11-28 12:28:35,2025-11-27 04:36:09,429,-0.2461,0,1,NA,"Long",-3.2534
"49044","EUR_AUD",-3.003,2025-11-28 12:28:35,2025-11-27 04:36:11,429,-0.2461,0,1,NA,"Long",-3.2491
"49048","SPX500_USD",-0.7994,2025-11-28 12:32:39,2025-11-27 04:36:15,0.1,-0.3731,0.039,1,NA,"Long",-1.1335
"49052","USD_CAD",-1.2676,2025-11-28 12:32:35,2025-11-27 04:36:18,622,0.1074,0,1,NA,"Long",-1.1602
"49056","USD_CAD",-1.3086,2025-11-28 12:32:31,2025-11-27 04:36:20,622,0.1074,0,1,NA,"Long",-1.2012
"49060","USD_CAD",-1.3018,2025-11-28 12:32:28,2025-11-27 04:36:22,622,0.1074,0,1,NA,"Long",-1.1944
"49246","FR40_EUR",0.0707,2025-11-27 23:38:58,2025-11-27 05:31:20,0.1,-0.1758,0,1,NA,"Long",-0.1051
"49250","USD_SEK",-0.975,2025-11-28 08:41:23,2025-11-27 05:31:23,234,0.0332,0,1,NA,"Long",-0.9418
"49254","USD_SEK",-0.9807,2025-11-28 08:41:19,2025-11-27 05:31:25,234,0.0332,0,1,NA,"Long",-0.9475
"49258","USD_SEK",-0.9807,2025-11-28 08:41:15,2025-11-27 05:31:27,234,0.0332,0,1,NA,"Long",-0.9475
"49262","EU50_EUR",-0.2495,2025-11-28 12:32:24,2025-11-27 05:35:57,0.1,-0.2451,0,1,NA,"Long",-0.4946
"49266","EUR_AUD",-2.5954,2025-11-28 12:32:20,2025-11-27 05:36:00,429,-0.2461,0,1,NA,"Long",-2.8415
"49270","EUR_AUD",-2.5654,2025-11-28 12:32:17,2025-11-27 05:36:02,429,-0.2461,0,1,NA,"Long",-2.8115
"49274","EUR_AUD",-2.5611,2025-11-28 12:32:13,2025-11-27 05:36:03,429,-0.2461,0,1,NA,"Long",-2.8072
"49278","SPX500_USD",0.8981,2025-11-28 12:32:09,2025-11-27 05:36:07,0.1,-0.3731,0.039,1,NA,"Long",0.564
"49282","USD_CAD",-0.7906,2025-11-28 12:32:05,2025-11-27 05:36:10,622,0.1074,0,1,NA,"Long",-0.6832
"49286","USD_CAD",-0.7906,2025-11-28 12:32:01,2025-11-27 05:36:12,622,0.1074,0,1,NA,"Long",-0.6832
"49290","USD_CAD",-0.7906,2025-11-28 12:31:57,2025-11-27 05:36:13,622,0.1074,0,1,NA,"Long",-0.6832
"49458","FR40_EUR",-0.1071,2025-11-28 00:38:19,2025-11-27 06:30:56,0.1,-0.1758,0,1,NA,"Long",-0.2829
"49462","USD_SEK",-0.9431,2025-11-28 08:41:12,2025-11-27 06:31:00,234,0.0332,0,1,NA,"Long",-0.9099
"49466","USD_SEK",-0.9431,2025-11-28 08:41:08,2025-11-27 06:31:02,234,0.0332,0,1,NA,"Long",-0.9099
"49470","USD_SEK",-0.9431,2025-11-28 08:41:04,2025-11-27 06:31:04,234,0.0332,0,1,NA,"Long",-0.9099
"49474","EU50_EUR",-0.6058,2025-11-28 12:36:12,2025-11-27 06:35:52,0.1,-0.2451,0,1,NA,"Long",-0.8509
"49478","EUR_AUD",-2.6727,2025-11-28 12:36:08,2025-11-27 06:35:56,429,-0.2461,0,1,NA,"Long",-2.9188
"49482","EUR_AUD",-2.6855,2025-11-28 12:36:04,2025-11-27 06:35:58,429,-0.2461,0,1,NA,"Long",-2.9316
"49486","EUR_AUD",-2.6984,2025-11-28 12:36:01,2025-11-27 06:35:59,429,-0.2461,0,1,NA,"Long",-2.9445
"49490","SPX500_USD",-0.3998,2025-11-28 12:41:12,2025-11-27 06:36:03,0.1,-0.3731,0.039,1,NA,"Long",-0.7339
"49494","USD_CAD",-0.4976,2025-11-28 12:41:08,2025-11-27 06:36:07,622,0.1074,0,1,NA,"Long",-0.3902
"49498","USD_CAD",-0.4908,2025-11-28 12:41:04,2025-11-27 06:36:09,622,0.1074,0,1,NA,"Long",-0.3834
"49502","USD_CAD",-0.4772,2025-11-28 12:41:01,2025-11-27 06:36:11,622,0.1074,0,1,NA,"Long",-0.3698
"49622","FR40_EUR",1.4662,2025-11-28 18:06:56,2025-11-27 07:31:24,0.1,-0.3513,0,1,NA,"Long",1.1149
"49626","USD_SEK",-0.8105,2025-11-28 08:40:56,2025-11-27 07:31:28,234,0.0332,0,1,NA,"Long",-0.7773
"49630","USD_SEK",-0.8105,2025-11-28 08:40:53,2025-11-27 07:31:30,234,0.0332,0,1,NA,"Long",-0.7773
"49634","USD_SEK",-0.8109,2025-11-28 08:40:49,2025-11-27 07:31:31,234,0.0332,0,1,NA,"Long",-0.7777
"49640","EU50_EUR",-0.9621,2025-11-28 13:42:27,2025-11-27 07:36:23,0.1,-0.2451,0,1,NA,"Long",-1.2072
"49644","EUR_AUD",-3.0116,2025-11-28 12:49:15,2025-11-27 07:36:26,429,-0.2461,0,1,NA,"Long",-3.2577
"49648","EUR_AUD",-3.0116,2025-11-28 12:49:15,2025-11-27 07:36:28,429,-0.2461,0,1,NA,"Long",-3.2577
"49652","EUR_AUD",-3.0244,2025-11-28 12:49:15,2025-11-27 07:36:30,429,-0.2461,0,1,NA,"Long",-3.2705
"49656","SPX500_USD",-0.7844,2025-11-28 13:42:23,2025-11-27 07:36:34,0.1,-0.3731,0.039,1,NA,"Long",-1.1185
"49660","USD_CAD",-0.7501,2025-11-28 13:42:19,2025-11-27 07:36:37,622,0.1074,0,1,NA,"Long",-0.6427
"49664","USD_CAD",-0.7705,2025-11-28 13:42:16,2025-11-27 07:36:39,622,0.1074,0,1,NA,"Long",-0.6631
"49668","USD_CAD",-0.7637,2025-11-28 13:42:12,2025-11-27 07:36:41,622,0.1074,0,1,NA,"Long",-0.6563
"49786","USD_SEK",-0.8489,2025-11-28 08:40:45,2025-11-27 08:31:33,234,0.0332,0,1,NA,"Long",-0.8157
"49790","USD_SEK",-0.8299,2025-11-28 08:40:41,2025-11-27 08:31:35,234,0.0332,0,1,NA,"Long",-0.7967
"49794","USD_SEK",-0.8553,2025-11-28 08:40:38,2025-11-27 08:31:37,234,0.0332,0,1,NA,"Long",-0.8221
"49804","EUR_AUD",-3.003,2025-11-28 12:44:04,2025-11-27 08:36:39,429,-0.2461,0,1,NA,"Long",-3.2491
"49808","EUR_AUD",-3.003,2025-11-28 12:44:04,2025-11-27 08:36:41,429,-0.2461,0,1,NA,"Long",-3.2491
"49812","EUR_AUD",-3.003,2025-11-28 12:44:04,2025-11-27 08:36:43,429,-0.2461,0,1,NA,"Long",-3.2491
"49816","SPX500_USD",0.7763,2025-11-28 14:42:52,2025-11-27 08:36:47,0.1,-0.3731,0.039,1,NA,"Long",0.4422
"49820","USD_CAD",-0.5385,2025-11-28 14:42:49,2025-11-27 08:36:51,622,0.1074,0,1,NA,"Long",-0.4311
"49824","USD_CAD",-0.5521,2025-11-28 14:42:45,2025-11-27 08:36:52,622,0.1074,0,1,NA,"Long",-0.4447
"49828","USD_CAD",-0.5453,2025-11-28 14:42:41,2025-11-27 08:36:54,622,0.1074,0,1,NA,"Long",-0.4379
"50085","USD_SEK",-1.7237,2025-11-28 09:38:56,2025-11-27 09:31:58,234,0.0112,0,1,NA,"Long",-1.7125
"50089","USD_SEK",-1.7237,2025-11-28 09:38:52,2025-11-27 09:31:59,234,0.0112,0,1,NA,"Long",-1.7125
"50093","USD_SEK",-1.7237,2025-11-28 09:38:49,2025-11-27 09:32:01,234,0.0112,0,1,NA,"Long",-1.7125
"50131","EUR_AUD",-3.003,2025-11-28 12:47:01,2025-11-27 09:36:57,429,-0.0576,0,1,NA,"Long",-3.0606
"50135","EUR_AUD",-3.003,2025-11-28 12:47:01,2025-11-27 09:36:59,429,-0.0576,0,1,NA,"Long",-3.0606
"50139","EUR_AUD",-3.003,2025-11-28 12:47:01,2025-11-27 09:37:00,429,-0.0576,0,1,NA,"Long",-3.0606
"50145","USD_CAD",-0.6749,2025-11-28 15:43:06,2025-11-27 09:37:08,622,0.1074,0,1,NA,"Long",-0.5675
"50149","USD_CAD",-0.6749,2025-11-28 15:43:02,2025-11-27 09:37:09,622,0.1074,0,1,NA,"Long",-0.5675
"50153","USD_CAD",-0.6681,2025-11-28 15:42:59,2025-11-27 09:37:11,622,0.1074,0,1,NA,"Long",-0.5607
"50538","USD_SEK",-1.2767,2025-11-28 10:32:47,2025-11-27 10:32:13,234,0.0112,0,1,NA,"Long",-1.2655
"50542","USD_SEK",-1.2424,2025-11-28 10:32:43,2025-11-27 10:32:14,234,0.0112,0,1,NA,"Long",-1.2312
"50546","USD_SEK",-1.255,2025-11-28 10:32:39,2025-11-27 10:32:16,234,0.0112,0,1,NA,"Long",-1.2438
"50570","EUR_AUD",-3.003,2025-11-28 13:49:12,2025-11-27 10:37:32,429,-0.0576,0,1,NA,"Long",-3.0606
"50574","EUR_AUD",-3.003,2025-11-28 13:49:12,2025-11-27 10:37:34,429,-0.0576,0,1,NA,"Long",-3.0606
"50578","EUR_AUD",-3.003,2025-11-28 13:49:12,2025-11-27 10:37:36,429,-0.0576,0,1,NA,"Long",-3.0606
"50582","SPX500_USD",1.4927,2025-11-29 00:38:53,2025-11-27 10:37:40,0.1,-0.187,0.039,1,NA,"Long",1.3447
"50586","USD_CAD",-0.1228,2025-11-28 16:43:53,2025-11-27 10:37:43,622,0.1074,0,1,NA,"Long",-0.0154
"50590","USD_CAD",-0.116,2025-11-28 16:43:50,2025-11-27 10:37:54,622,0.1074,0,1,NA,"Long",-0.00860000000000001
"50594","USD_CAD",-0.1638,2025-11-28 16:43:46,2025-11-27 10:37:56,622,0.1074,0,1,NA,"Long",-0.0564
"50926","USD_SEK",-0.5097,2025-11-28 12:33:32,2025-11-27 11:31:50,234,0.0112,0,1,NA,"Long",-0.4985
"50930","USD_SEK",-0.5097,2025-11-28 12:33:28,2025-11-27 11:31:52,234,0.0112,0,1,NA,"Long",-0.4985
"50934","USD_SEK",-0.5109,2025-11-28 12:33:24,2025-11-27 11:31:54,234,0.0112,0,1,NA,"Long",-0.4997
"50958","EU50_EUR",0.2826,2025-11-28 18:21:15,2025-11-27 11:36:56,0.1,-0.1224,0,1,NA,"Long",0.1602
"50962","EUR_AUD",-3.003,2025-11-28 13:49:14,2025-11-27 11:37:00,429,-0.0576,0,1,NA,"Long",-3.0606
"50966","EUR_AUD",-3.003,2025-11-28 13:49:14,2025-11-27 11:37:02,429,-0.0576,0,1,NA,"Long",-3.0606
"50970","EUR_AUD",-3.003,2025-11-28 13:49:14,2025-11-27 11:37:04,429,-0.0576,0,1,NA,"Long",-3.0606
"50974","SPX500_USD",1.8735,2025-11-29 00:38:49,2025-11-27 11:37:07,0.1,-0.187,0.039,1,NA,"Long",1.7255
"50978","USD_CAD",0.0068,2025-11-28 18:21:07,2025-11-27 11:37:11,622,0.1074,0,1,NA,"Long",0.1142
"50982","USD_CAD",0.027,2025-11-28 18:21:04,2025-11-27 11:37:13,622,0.1074,0,1,NA,"Long",0.1344
"50986","USD_CAD",0.027,2025-11-28 18:21:00,2025-11-27 11:37:14,622,0.1074,0,1,NA,"Long",0.1344
"51382","USD_SEK",-0.1621,2025-11-28 12:33:21,2025-11-27 12:32:39,234,0.0112,0,1,NA,"Long",-0.1509
"51386","USD_SEK",-0.2,2025-11-28 12:33:17,2025-11-27 12:32:40,234,0.0112,0,1,NA,"Long",-0.1888
"51390","USD_SEK",-0.2031,2025-11-28 12:33:13,2025-11-27 12:32:42,234,0.0112,0,1,NA,"Long",-0.1919
"51418","EU50_EUR",0.8125,2025-11-28 18:41:16,2025-11-27 12:37:49,0.1,-0.1224,0,1,NA,"Long",0.6901
"51422","EUR_AUD",-3.0159,2025-11-28 14:06:26,2025-11-27 12:37:52,429,-0.0576,0,1,NA,"Long",-3.0735
"51426","EUR_AUD",-3.003,2025-11-28 13:50:24,2025-11-27 12:37:54,429,-0.0576,0,1,NA,"Long",-3.0606
"51430","EUR_AUD",-3.0073,2025-11-28 13:50:20,2025-11-27 12:37:56,429,-0.0576,0,1,NA,"Long",-3.0649
"51434","SPX500_USD",2.102,2025-11-29 00:38:46,2025-11-27 12:37:59,0.1,-0.187,0.039,1,NA,"Long",1.954
"51438","USD_CAD",-0.1501,2025-11-28 18:41:08,2025-11-27 12:38:03,622,0.1074,0,1,NA,"Long",-0.0427
"51442","USD_CAD",-0.1501,2025-11-28 18:41:04,2025-11-27 12:38:05,622,0.1074,0,1,NA,"Long",-0.0427
"51446","USD_CAD",-0.1979,2025-11-28 18:41:01,2025-11-27 12:38:07,622,0.1074,0,1,NA,"Long",-0.0905
"51922","USD_SEK",0.3571,2025-11-28 13:38:05,2025-11-27 13:32:33,234,0.0112,0,1,NA,"Long",0.3683
"51926","USD_SEK",0.3601,2025-11-28 13:38:01,2025-11-27 13:32:35,234,0.0112,0,1,NA,"Long",0.3713
"51930","USD_SEK",0.3582,2025-11-28 13:37:58,2025-11-27 13:32:37,234,0.0112,0,1,NA,"Long",0.3694
"51962","EU50_EUR",-1.2845,2025-11-28 19:38:04,2025-11-27 13:37:12,0.1,-0.1224,0,1,NA,"Long",-1.4069
"51966","EUR_AUD",-0.9266,2025-11-28 19:38:00,2025-11-27 13:37:16,429,-0.0576,0,1,NA,"Long",-0.9842
"51970","EUR_AUD",-0.9352,2025-11-28 19:37:57,2025-11-27 13:37:20,429,-0.0576,0,1,NA,"Long",-0.9928
"51974","EUR_AUD",-0.9224,2025-11-28 19:37:53,2025-11-27 13:37:22,429,-0.0576,0,1,NA,"Long",-0.98
"51978","SPX500_USD",1.6451,2025-11-29 00:38:42,2025-11-27 13:37:26,0.1,-0.187,0.039,1,NA,"Long",1.4971
"51982","USD_CAD",0.5205,2025-11-28 19:37:45,2025-11-27 13:37:29,622,0.1074,0,1,NA,"Long",0.6279
"51986","USD_CAD",0.4867,2025-11-28 19:37:42,2025-11-27 13:37:31,622,0.1074,0,1,NA,"Long",0.5941
"51990","USD_CAD",0.4664,2025-11-28 19:37:38,2025-11-27 13:37:33,622,0.1074,0,1,NA,"Long",0.5738
"52374","USD_SEK",-0.2215,2025-11-28 14:38:27,2025-11-27 14:33:38,234,0.0112,0,1,NA,"Long",-0.2103
"52378","USD_SEK",-0.2162,2025-11-28 14:38:23,2025-11-27 14:33:40,234,0.0112,0,1,NA,"Long",-0.205
"52382","USD_SEK",-0.236,2025-11-28 14:38:19,2025-11-27 14:33:42,234,0.0112,0,1,NA,"Long",-0.2248
"52414","EU50_EUR",-0.9269,2025-11-28 20:40:35,2025-11-27 14:38:38,0.1,-0.1224,0,1,NA,"Long",-1.0493
"52418","EUR_AUD",-1.5358,2025-11-28 20:40:31,2025-11-27 14:38:41,429,-0.0576,0,1,NA,"Long",-1.5934
"52422","EUR_AUD",-1.48,2025-11-28 20:40:28,2025-11-27 14:38:43,429,-0.0576,0,1,NA,"Long",-1.5376
"52426","EUR_AUD",-1.5101,2025-11-28 20:40:24,2025-11-27 14:38:45,429,-0.0576,0,1,NA,"Long",-1.5677
"52430","SPX500_USD",2.3,2025-11-29 00:38:38,2025-11-27 14:38:49,0.1,-0.187,0.039,1,NA,"Long",2.152
"52438","USD_CAD",-0.0341,2025-11-28 20:40:16,2025-11-27 14:38:52,622,0.1074,0,1,NA,"Long",0.0733
"52442","USD_CAD",-0.0136,2025-11-28 20:40:13,2025-11-27 14:38:54,622,0.1074,0,1,NA,"Long",0.0938
"52448","USD_CAD",-0.0205,2025-11-28 20:40:09,2025-11-27 14:38:56,622,0.1074,0,1,NA,"Long",0.0869
"52862","USD_SEK",-0.3163,2025-11-28 15:39:31,2025-11-27 15:33:00,234,0.0112,0,1,NA,"Long",-0.3051
"52866","USD_SEK",-0.316,2025-11-28 15:39:27,2025-11-27 15:33:02,234,0.0112,0,1,NA,"Long",-0.3048
"52870","USD_SEK",-0.3008,2025-11-28 15:39:23,2025-11-27 15:33:04,234,0.0112,0,1,NA,"Long",-0.2896
"52902","EU50_EUR",0.1411,2025-11-28 21:41:15,2025-11-27 15:37:54,0.1,-0.1224,0,1,NA,"Long",0.0187
"52906","EUR_AUD",-1.1883,2025-11-28 21:41:11,2025-11-27 15:37:58,429,-0.0576,0,1,NA,"Long",-1.2459
"52910","EUR_AUD",-1.1712,2025-11-28 21:41:07,2025-11-27 15:37:59,429,-0.0576,0,1,NA,"Long",-1.2288
"52914","EUR_AUD",-1.257,2025-11-28 21:41:04,2025-11-27 15:38:01,429,-0.0576,0,1,NA,"Long",-1.3146
"52918","SPX500_USD",1.7669,2025-11-29 00:38:34,2025-11-27 15:38:05,0.1,-0.187,0.039,1,NA,"Long",1.6189
"52928","USD_CAD",0.9458,2025-11-28 21:40:56,2025-11-27 15:38:08,622,0.1074,0,1,NA,"Long",1.0532
"52932","USD_CAD",0.9458,2025-11-28 21:40:52,2025-11-27 15:38:10,622,0.1074,0,1,NA,"Long",1.0532
"52938","USD_CAD",0.9526,2025-11-28 21:40:49,2025-11-27 15:38:12,622,0.1074,0,1,NA,"Long",1.06
"54364","FR40_EUR",4.1514,2025-11-28 18:06:53,2025-11-27 20:30:10,0.1,-0.1755,0,1,NA,"Long",3.9759
"54368","USD_SEK",-0.2651,2025-11-28 20:34:10,2025-11-27 20:30:15,236,0.0113,0,1,NA,"Long",-0.2538
"54372","USD_SEK",-0.2732,2025-11-28 20:34:07,2025-11-27 20:30:17,236,0.0113,0,1,NA,"Long",-0.2619
"54376","USD_SEK",-0.2724,2025-11-28 20:34:03,2025-11-27 20:30:19,236,0.0113,0,1,NA,"Long",-0.2611
"54422","EU50_EUR",3.1699,2025-11-29 02:40:50,2025-11-27 20:34:45,0.1,-0.1224,0,1,NA,"Long",3.0475
"54426","EUR_AUD",-1.9133,2025-11-29 02:40:46,2025-11-27 20:34:48,429,-0.0576,0,1,NA,"Long",-1.9709
"54430","EUR_AUD",-1.9305,2025-11-29 02:40:42,2025-11-27 20:34:50,429,-0.0576,0,1,NA,"Long",-1.9881
"54434","EUR_AUD",-1.9434,2025-11-29 02:40:38,2025-11-27 20:34:52,429,-0.0576,0,1,NA,"Long",-2.001
"54438","SPX500_USD",2.4161,2025-11-29 02:40:35,2025-11-27 20:34:56,0.1,-0.187,0.039,1,NA,"Long",2.2681
"54442","USD_CAD",-3.022,2025-11-29 00:30:43,2025-11-27 20:34:59,625,0.1079,0,1,NA,"Long",-2.9141
"54446","USD_CAD",-3.022,2025-11-29 00:30:43,2025-11-27 20:35:01,625,0.1079,0,1,NA,"Long",-2.9141
"54450","USD_CAD",-3.022,2025-11-29 00:30:43,2025-11-27 20:35:03,625,0.1079,0,1,NA,"Long",-2.9141
"54600","FR40_EUR",5.2114,2025-11-28 18:06:49,2025-11-27 21:31:01,0.1,-0.1755,0,1,NA,"Long",5.0359
"54604","USD_SEK",0.3472,2025-11-28 21:34:42,2025-11-27 21:31:05,236,0.0113,0,1,NA,"Long",0.3585
"54608","USD_SEK",0.3404,2025-11-28 21:34:38,2025-11-27 21:31:07,236,0.0113,0,1,NA,"Long",0.3517
"54612","USD_SEK",0.3404,2025-11-28 21:34:35,2025-11-27 21:31:09,236,0.0113,0,1,NA,"Long",0.3517
"54618","EU50_EUR",4.7221,2025-11-29 03:41:04,2025-11-27 21:35:12,0.1,-0.1224,0,1,NA,"Long",4.5997
"54622","EUR_AUD",-1.9648,2025-11-29 03:41:00,2025-11-27 21:35:16,429,-0.0576,0,1,NA,"Long",-2.0224
"54626","EUR_AUD",-1.9219,2025-11-29 03:40:57,2025-11-27 21:35:18,429,-0.0576,0,1,NA,"Long",-1.9795
"54630","EUR_AUD",-1.9305,2025-11-29 03:40:53,2025-11-27 21:35:20,429,-0.0576,0,1,NA,"Long",-1.9881
"54634","SPX500_USD",4.0548,2025-11-29 03:40:50,2025-11-27 21:35:23,0.1,-0.187,0.039,1,NA,"Long",3.9068
"54638","USD_CAD",-3.0351,2025-11-29 00:30:00,2025-11-27 21:35:27,625,0.1079,0,1,NA,"Long",-2.9272
"54642","USD_CAD",-3.0351,2025-11-29 00:30:00,2025-11-27 21:35:29,625,0.1079,0,1,NA,"Long",-2.9272
"54646","USD_CAD",-3.0351,2025-11-29 00:30:00,2025-11-27 21:35:30,625,0.1079,0,1,NA,"Long",-2.9272
"54788","FR40_EUR",3.5332,2025-11-28 18:06:45,2025-11-27 22:30:36,0.1,-0.1755,0,1,NA,"Long",3.3577
"54792","USD_SEK",0.1504,2025-11-28 22:34:18,2025-11-27 22:30:39,236,0.0113,0,1,NA,"Long",0.1617
"54796","USD_SEK",0.1504,2025-11-28 22:34:15,2025-11-27 22:30:41,236,0.0113,0,1,NA,"Long",0.1617
"54800","USD_SEK",0.1675,2025-11-28 22:34:11,2025-11-27 22:30:43,236,0.0113,0,1,NA,"Long",0.1788
"54804","EU50_EUR",4.3726,2025-11-29 04:41:49,2025-11-27 22:34:49,0.1,-0.1224,0,1,NA,"Long",4.2502
"54808","EUR_AUD",-1.4929,2025-11-29 04:41:45,2025-11-27 22:34:53,429,-0.0576,0,1,NA,"Long",-1.5505
"54812","SPX500_USD",3.1773,2025-11-29 04:41:41,2025-11-27 22:35:00,0.1,-0.187,0.039,1,NA,"Long",3.0293
"54956","FR40_EUR",0.7066,2025-11-28 18:06:41,2025-11-27 23:31:39,0.1,-0.1755,0,1,NA,"Long",0.5311
"54960","USD_SEK",-0.1165,2025-11-28 23:34:29,2025-11-27 23:31:42,236,0.0113,0,1,NA,"Long",-0.1052
"54964","USD_SEK",-0.118,2025-11-28 23:34:25,2025-11-27 23:31:44,236,0.0113,0,1,NA,"Long",-0.1067
"54968","USD_SEK",-0.1414,2025-11-28 23:34:22,2025-11-27 23:31:46,236,0.0113,0,1,NA,"Long",-0.1301
"54972","EU50_EUR",3.1371,2025-11-29 06:00:51,2025-11-27 23:35:51,0.1,-0.1224,0,1,NA,"Long",3.0147
"54976","EUR_AUD",-1.7804,2025-11-29 06:00:37,2025-11-27 23:35:58,429,-0.0576,0,1,NA,"Long",-1.838
"54980","EUR_AUD",-1.7804,2025-11-29 06:00:37,2025-11-27 23:36:00,429,-0.0576,0,1,NA,"Long",-1.838
"54984","EUR_AUD",-1.7804,2025-11-29 06:00:37,2025-11-27 23:36:02,429,-0.0576,0,1,NA,"Long",-1.838
"54992","USD_CAD",-3.0432,2025-11-29 00:30:59,2025-11-27 23:36:09,625,0.1079,0,1,NA,"Long",-2.9353
"54996","USD_CAD",-3.0432,2025-11-29 00:30:59,2025-11-27 23:36:11,625,0.1079,0,1,NA,"Long",-2.9353
"55000","USD_CAD",-3.0432,2025-11-29 00:30:59,2025-11-27 23:36:13,625,0.1079,0,1,NA,"Long",-2.9353
"55194","FR40_EUR",-1.248,2025-11-28 18:31:01,2025-11-28 00:31:00,0.1,-0.1755,0,1,NA,"Long",-1.4235
"55198","USD_SEK",-0.7608,2025-11-29 00:34:43,2025-11-28 00:31:04,236,0.0113,0,1,NA,"Long",-0.7495
"55202","USD_SEK",-0.7856,2025-11-29 00:34:39,2025-11-28 00:31:05,236,0.0113,0,1,NA,"Long",-0.7743
"55206","USD_SEK",-0.7906,2025-11-29 00:34:36,2025-11-28 00:31:07,236,0.0113,0,1,NA,"Long",-0.7793
"55210","EU50_EUR",2.2559,2025-11-29 06:00:51,2025-11-28 00:35:09,0.1,-0.1224,0,1,NA,"Long",2.1335
"55214","EUR_AUD",-3.0159,2025-11-29 02:56:38,2025-11-28 00:35:12,429,-0.0576,0,1,NA,"Long",-3.0735
"55218","EUR_AUD",-3.003,2025-11-29 02:56:38,2025-11-28 00:35:14,429,-0.0576,0,1,NA,"Long",-3.0606
"55222","EUR_AUD",-3.0116,2025-11-29 02:56:38,2025-11-28 00:35:16,429,-0.0576,0,1,NA,"Long",-3.0692
"55230","USB10Y_USD",-0.4307,2025-11-29 00:41:07,2025-11-28 00:35:25,5,-0.0625,0,1,NA,"Long",-0.4932
"55234","USB10Y_USD",-0.4307,2025-11-29 00:41:03,2025-11-28 00:35:27,5,-0.0625,0,1,NA,"Long",-0.4932
"55238","USB10Y_USD",-0.4307,2025-11-29 00:41:00,2025-11-28 00:35:29,5,-0.0625,0,1,NA,"Long",-0.4932
"55242","USD_CAD",-3.0282,2025-11-29 00:30:02,2025-11-28 00:35:34,625,0.1079,0,1,NA,"Long",-2.9203
"55246","USD_CAD",-3.035,2025-11-29 00:30:02,2025-11-28 00:35:36,625,0.1079,0,1,NA,"Long",-2.9271
"55250","USD_CAD",-3.0215,2025-11-29 00:30:01,2025-11-28 00:35:37,625,0.1079,0,1,NA,"Long",-2.9136
"57195","USD_SEK",-1.723,2025-11-29 06:01:11,2025-11-28 09:31:28,235,0,0,1,NA,"Long",-1.723
"57199","USD_SEK",-1.71,2025-11-29 06:01:11,2025-11-28 09:31:30,235,0,0,1,NA,"Long",-1.71
"57205","USD_SEK",-1.7081,2025-11-29 06:01:11,2025-11-28 09:31:32,235,0,0,1,NA,"Long",-1.7081
"57281","EUR_AUD",-1.8447,2025-11-29 06:00:37,2025-11-28 09:36:49,429,0,0,1,NA,"Long",-1.8447
"57285","EUR_AUD",-1.8447,2025-11-29 06:00:37,2025-11-28 09:36:51,429,0,0,1,NA,"Long",-1.8447
"57289","EUR_AUD",-1.8447,2025-11-29 06:00:37,2025-11-28 09:36:53,429,0,0,1,NA,"Long",-1.8447
"57301","USD_CAD",-3.0227,2025-11-29 01:24:14,2025-11-28 09:37:08,625,0,0,1,NA,"Long",-3.0227
"57305","USD_CAD",-3.0227,2025-11-29 01:24:14,2025-11-28 09:37:10,625,0,0,1,NA,"Long",-3.0227
"57309","USD_CAD",-3.0227,2025-11-29 01:24:14,2025-11-28 09:37:12,625,0,0,1,NA,"Long",-3.0227
"57804","USD_SEK",-1.4141,2025-11-29 06:01:11,2025-11-28 10:25:15,235,0,0,1,NA,"Long",-1.4141
"57808","USD_SEK",-1.4527,2025-11-29 06:01:11,2025-11-28 10:25:17,235,0,0,1,NA,"Long",-1.4527
"57812","USD_SEK",-1.4485,2025-11-29 06:01:11,2025-11-28 10:25:19,235,0,0,1,NA,"Long",-1.4485
"59186","USD_SEK",-1.7214,2025-11-29 06:01:11,2025-11-28 13:30:38,235,0,0,1,NA,"Long",-1.7214
"59190","USD_SEK",-1.7283,2025-11-29 06:01:11,2025-11-28 13:30:40,235,0,0,1,NA,"Long",-1.7283
"59194","USD_SEK",-1.7268,2025-11-29 06:01:11,2025-11-28 13:30:42,235,0,0,1,NA,"Long",-1.7268
"59218","EU50_EUR",3.6306,2025-11-29 06:00:51,2025-11-28 13:34:35,0.1,0,0,1,NA,"Long",3.6306
"59222","EUR_AUD",-0.6306,2025-11-29 06:00:37,2025-11-28 13:34:39,429,0,0,1,NA,"Long",-0.6306
"59226","EUR_AUD",-0.6263,2025-11-29 06:00:37,2025-11-28 13:34:41,429,0,0,1,NA,"Long",-0.6263
"59230","EUR_AUD",-0.622,2025-11-29 06:00:37,2025-11-28 13:34:42,429,0,0,1,NA,"Long",-0.622
"59250","USD_CAD",-3.023,2025-11-29 01:24:15,2025-11-28 13:34:56,625,0,0,1,NA,"Long",-3.023
"59254","USD_CAD",-3.023,2025-11-29 01:24:15,2025-11-28 13:34:58,625,0,0,1,NA,"Long",-3.023
"59258","USD_CAD",-3.023,2025-11-29 01:24:15,2025-11-28 13:35:00,625,0,0,1,NA,"Long",-3.023
"59718","USD_SEK",-1.7115,2025-11-29 06:01:11,2025-11-28 14:30:53,235,0,0,1,NA,"Long",-1.7115
"59722","USD_SEK",-1.7115,2025-11-29 06:01:11,2025-11-28 14:30:55,235,0,0,1,NA,"Long",-1.7115
"59726","USD_SEK",-1.702,2025-11-29 06:01:11,2025-11-28 14:30:57,235,0,0,1,NA,"Long",-1.702
"59750","EU50_EUR",3.4543,2025-11-29 06:00:51,2025-11-28 14:35:11,0.1,0,0,1,NA,"Long",3.4543
"59754","EUR_AUD",-0.5534,2025-11-29 06:00:37,2025-11-28 14:35:14,429,0,0,1,NA,"Long",-0.5534
"59758","EUR_AUD",-0.5534,2025-11-29 06:00:37,2025-11-28 14:35:16,429,0,0,1,NA,"Long",-0.5534
"59762","EUR_AUD",-0.5534,2025-11-29 06:00:37,2025-11-28 14:35:18,429,0,0,1,NA,"Long",-0.5534
"59770","USD_CAD",-3.0227,2025-11-29 01:24:08,2025-11-28 14:35:25,625,0,0,1,NA,"Long",-3.0227
"59774","USD_CAD",-3.0298,2025-11-29 01:24:15,2025-11-28 14:35:27,625,0,0,1,NA,"Long",-3.0298
"59778","USD_CAD",-3.0229,2025-11-29 01:24:15,2025-11-28 14:35:29,625,0,0,1,NA,"Long",-3.0229
"60220","USD_SEK",-1.5023,2025-11-29 06:01:11,2025-11-28 15:31:50,235,0,0,1,NA,"Long",-1.5023
"60224","USD_SEK",-1.521,2025-11-29 06:01:11,2025-11-28 15:31:53,235,0,0,1,NA,"Long",-1.521
"60228","USD_SEK",-1.521,2025-11-29 06:01:11,2025-11-28 15:31:56,235,0,0,1,NA,"Long",-1.521
"60232","EU50_EUR",3.8068,2025-11-29 06:00:51,2025-11-28 15:35:29,0.1,0,0,1,NA,"Long",3.8068
"60236","EUR_AUD",-1.5058,2025-11-29 06:00:37,2025-11-28 15:35:33,429,0,0,1,NA,"Long",-1.5058
"60240","EUR_AUD",-1.5015,2025-11-29 06:00:37,2025-11-28 15:35:34,429,0,0,1,NA,"Long",-1.5015
"60244","EUR_AUD",-1.5315,2025-11-29 06:00:37,2025-11-28 15:35:36,429,0,0,1,NA,"Long",-1.5315
"60250","USD_CAD",-3.0305,2025-11-29 00:31:03,2025-11-28 15:35:43,625,0,0,1,NA,"Long",-3.0305
"60254","USD_CAD",-3.0305,2025-11-29 00:31:03,2025-11-28 15:35:45,625,0,0,1,NA,"Long",-3.0305
"60258","USD_CAD",-3.0303,2025-11-29 00:31:03,2025-11-28 15:35:47,625,0,0,1,NA,"Long",-3.0303
"60640","USD_SEK",-1.734,2025-11-29 06:01:11,2025-11-28 16:32:22,235,0,0,1,NA,"Long",-1.734
"60644","USD_SEK",-1.734,2025-11-29 06:01:11,2025-11-28 16:32:24,235,0,0,1,NA,"Long",-1.734
"60664","EUR_AUD",-1.8061,2025-11-29 06:00:37,2025-11-28 16:36:21,429,0,0,1,NA,"Long",-1.8061
"61726","FR40_EUR",6.3446,2025-11-29 06:00:54,2025-11-28 19:27:30,0.1,0,0,1,NA,"Long",6.3446
"61782","AUD_USD",2.4322,2025-11-29 06:00:26,2025-11-28 19:33:11,593,0,0,1,NA,"Long",2.4322
"61786","AUD_USD",2.4322,2025-11-29 06:00:26,2025-11-28 19:33:13,593,0,0,1,NA,"Long",2.4322
"61790","AUD_USD",2.4413,2025-11-29 06:00:26,2025-11-28 19:33:15,593,0,0,1,NA,"Long",2.4413
"61794","UK100_GBP",4.9872,2025-11-29 06:01:01,2025-11-28 19:33:18,0.1,0,0,1,NA,"Long",4.9872
"61798","USD_CAD",-3.0476,2025-11-29 00:30:01,2025-11-28 19:33:22,670,0,0,1,NA,"Long",-3.0476
"61802","USD_CAD",-3.0408,2025-11-29 00:30:43,2025-11-28 19:33:24,670,0,0,1,NA,"Long",-3.0408
"61806","USD_CAD",-3.0261,2025-11-29 00:30:43,2025-11-28 19:33:26,670,0,0,1,NA,"Long",-3.0261
"62282","FR40_EUR",6.2565,2025-11-29 06:00:54,2025-11-28 20:26:51,0.1,0,0,1,NA,"Long",6.2565
"62350","AUD_USD",2.0269,2025-11-29 06:00:26,2025-11-28 20:32:27,593,0,0,1,NA,"Long",2.0269
"62354","AUD_USD",1.9548,2025-11-29 06:00:26,2025-11-28 20:32:29,593,0,0,1,NA,"Long",1.9548
"62358","AUD_USD",1.9278,2025-11-29 06:00:26,2025-11-28 20:32:31,593,0,0,1,NA,"Long",1.9278
"62362","UK100_GBP",4.0823,2025-11-29 06:01:01,2025-11-28 20:32:34,0.1,0,0,1,NA,"Long",4.0823
"62366","USD_CAD",-3.0636,2025-11-29 00:31:00,2025-11-28 20:32:38,670,0,0,1,NA,"Long",-3.0636
"62370","USD_CAD",-3.0562,2025-11-29 00:31:00,2025-11-28 20:32:40,670,0,0,1,NA,"Long",-3.0562
"62374","USD_CAD",-3.0636,2025-11-29 00:31:00,2025-11-28 20:32:41,670,0,0,1,NA,"Long",-3.0636
"63000","FR40_EUR",3.5248,2025-11-29 06:00:54,2025-11-28 21:27:23,0.1,0,0,1,NA,"Long",3.5248
"63058","AUD_USD",2.4142,2025-11-29 06:00:26,2025-11-28 21:33:02,593,0,0,1,NA,"Long",2.4142
"63062","AUD_USD",2.4142,2025-11-29 06:00:26,2025-11-28 21:33:04,593,0,0,1,NA,"Long",2.4142
"63066","AUD_USD",2.4142,2025-11-29 06:00:26,2025-11-28 21:33:06,593,0,0,1,NA,"Long",2.4142
"63070","UK100_GBP",2.8757,2025-11-29 06:01:01,2025-11-28 21:33:09,0.1,0,0,1,NA,"Long",2.8757
"63074","USD_CAD",-3.0188,2025-11-29 00:27:26,2025-11-28 21:33:13,670,0,0,1,NA,"Long",-3.0188
"63078","USD_CAD",-3.0188,2025-11-29 00:27:26,2025-11-28 21:33:15,670,0,0,1,NA,"Long",-3.0188
"63082","USD_CAD",-3.0188,2025-11-29 00:27:26,2025-11-28 21:33:17,670,0,0,1,NA,"Long",-3.0188
"63708","FR40_EUR",3.5248,2025-11-29 06:00:54,2025-11-28 22:26:59,0.1,0,0,1,NA,"Long",3.5248
"63788","AUD_USD",2.2431,2025-11-29 06:00:26,2025-11-28 22:32:39,593,0,0,1,NA,"Long",2.2431
"63792","AUD_USD",2.216,2025-11-29 06:00:26,2025-11-28 22:32:41,593,0,0,1,NA,"Long",2.216
"63796","AUD_USD",2.216,2025-11-29 06:00:26,2025-11-28 22:32:43,593,0,0,1,NA,"Long",2.216
"63800","UK100_GBP",5.1883,2025-11-29 06:01:01,2025-11-28 22:32:46,0.1,0,0,1,NA,"Long",5.1883
"63804","USD_CAD",-3.0328,2025-11-29 00:30:00,2025-11-28 22:32:50,670,0,0,1,NA,"Long",-3.0328
"63808","USD_CAD",-3.0181,2025-11-29 00:30:00,2025-11-28 22:32:52,670,0,0,1,NA,"Long",-3.0181
"63812","USD_CAD",-3.0623,2025-11-29 00:30:00,2025-11-28 22:32:54,670,0,0,1,NA,"Long",-3.0623
"64418","FR40_EUR",2.0267,2025-11-29 06:00:54,2025-11-28 23:27:10,0.1,0,0,1,NA,"Long",2.0267
"64526","AUD_USD",2.126,2025-11-29 06:00:26,2025-11-28 23:33:16,593,0,0,1,NA,"Long",2.126
"64530","AUD_USD",2.126,2025-11-29 06:00:26,2025-11-28 23:33:18,593,0,0,1,NA,"Long",2.126
"64534","AUD_USD",2.126,2025-11-29 06:00:26,2025-11-28 23:33:20,593,0,0,1,NA,"Long",2.126
"64538","UK100_GBP",2.4735,2025-11-29 06:01:01,2025-11-28 23:33:23,0.1,0,0,1,NA,"Long",2.4735
"64542","USD_CAD",-3.0267,2025-11-29 01:24:03,2025-11-28 23:33:27,670,0,0,1,NA,"Long",-3.0267
"64546","USD_CAD",-3.0187,2025-11-29 01:21:45,2025-11-28 23:33:29,670,0,0,1,NA,"Long",-3.0187
"64550","USD_CAD",-3.0341,2025-11-29 01:24:03,2025-11-28 23:33:30,670,0,0,1,NA,"Long",-3.0341
"65414","FR40_EUR",1.5861,2025-11-29 06:00:54,2025-11-29 00:27:24,0.1,0,0,1,NA,"Long",1.5861
"65596","AUD_USD",1.5765,2025-11-29 06:00:26,2025-11-29 00:33:11,593,0,0,1,NA,"Long",1.5765
"65600","AUD_USD",1.5765,2025-11-29 06:00:26,2025-11-29 00:33:13,593,0,0,1,NA,"Long",1.5765
"65604","AUD_USD",1.5674,2025-11-29 06:00:26,2025-11-29 00:33:15,593,0,0,1,NA,"Long",1.5674
"65608","UK100_GBP",4.0823,2025-11-29 06:01:01,2025-11-29 00:33:18,0.1,0,0,1,NA,"Long",4.0823
"65612","USD_CAD",-3.0653,2025-11-29 02:51:31,2025-11-29 00:33:22,670,0,0,1,NA,"Long",-3.0653
"65616","USD_CAD",-3.0653,2025-11-29 02:51:31,2025-11-29 00:33:24,670,0,0,1,NA,"Long",-3.0653
"65620","USD_CAD",-3.0211,2025-11-29 02:51:31,2025-11-29 00:33:26,670,0,0,1,NA,"Long",-3.0211
"65992","FR40_EUR",0.705,2025-11-29 06:00:54,2025-11-29 01:27:52,0.1,0,0,1,NA,"Long",0.705
"65996","AUD_USD",1.4954,2025-11-29 06:00:26,2025-11-29 01:32:49,593,0,0,1,NA,"Long",1.4954
"66000","AUD_USD",1.4323,2025-11-29 06:00:26,2025-11-29 01:32:51,593,0,0,1,NA,"Long",1.4323
"66004","AUD_USD",1.4323,2025-11-29 06:00:26,2025-11-29 01:32:53,593,0,0,1,NA,"Long",1.4323
"66008","UK100_GBP",2.4735,2025-11-29 06:01:01,2025-11-29 01:32:56,0.1,0,0,1,NA,"Long",2.4735
"66012","USD_CAD",-3.0213,2025-11-29 02:55:33,2025-11-29 01:33:00,670,0,0,1,NA,"Long",-3.0213
"66016","USD_CAD",-3.0213,2025-11-29 02:55:33,2025-11-29 01:33:02,670,0,0,1,NA,"Long",-3.0213
"66020","USD_CAD",-3.0294,2025-11-29 02:54:39,2025-11-29 01:33:04,670,0,0,1,NA,"Long",-3.0294
"66152","FR40_EUR",-0.801,2025-11-29 06:00:54,2025-11-29 02:28:05,0.1,0,0,1,NA,"Long",-0.801
"66202","AUD_USD",0.4684,2025-11-29 06:00:26,2025-11-29 02:33:09,593,0,0,1,NA,"Long",0.4684
"66206","AUD_USD",0.4774,2025-11-29 06:00:26,2025-11-29 02:33:10,593,0,0,1,NA,"Long",0.4774
"66210","AUD_USD",0.4774,2025-11-29 06:00:26,2025-11-29 02:33:12,593,0,0,1,NA,"Long",0.4774
"66214","UK100_GBP",-2.6812,2025-11-29 06:01:01,2025-11-29 02:33:16,0.1,0,0,1,NA,"Long",-2.6812
"66218","USD_CAD",0.9541,2025-11-29 06:01:21,2025-11-29 02:33:19,670,0,0,1,NA,"Long",0.9541
"66222","USD_CAD",0.9395,2025-11-29 06:01:21,2025-11-29 02:33:21,670,0,0,1,NA,"Long",0.9395
"66226","USD_CAD",0.9468,2025-11-29 06:01:21,2025-11-29 02:33:23,670,0,0,1,NA,"Long",0.9468
"66434","FR40_EUR",1.1455,2025-11-29 06:00:54,2025-11-29 03:28:17,0.1,0,0,1,NA,"Long",1.1455
"66440","AUD_USD",0.0991,2025-11-29 06:00:26,2025-11-29 03:33:24,593,0,0,1,NA,"Long",0.0991
"66444","AUD_USD",0.1261,2025-11-29 06:00:26,2025-11-29 03:33:25,593,0,0,1,NA,"Long",0.1261
"66448","AUD_USD",0.1081,2025-11-29 06:00:26,2025-11-29 03:33:27,593,0,0,1,NA,"Long",0.1081
"66452","UK100_GBP",0.2815,2025-11-29 06:01:01,2025-11-29 03:33:31,0.1,0,0,1,NA,"Long",0.2815
"66456","USD_CAD",0.1675,2025-11-29 06:01:21,2025-11-29 03:33:34,670,0,0,1,NA,"Long",0.1675
"66460","USD_CAD",0.1675,2025-11-29 06:01:21,2025-11-29 03:33:36,670,0,0,1,NA,"Long",0.1675
"66464","USD_CAD",0.1529,2025-11-29 06:01:21,2025-11-29 03:33:38,670,0,0,1,NA,"Long",0.1529
"66546","FR40_EUR",-0.3916,2025-11-29 06:00:54,2025-11-29 04:28:33,0.1,0,0,1,NA,"Long",-0.3916
"66618","AUD_USD",0.2612,2025-11-29 06:00:26,2025-11-29 04:34:14,593,0,0,1,NA,"Long",0.2612
"66622","AUD_USD",0.2612,2025-11-29 06:00:26,2025-11-29 04:34:17,593,0,0,1,NA,"Long",0.2612
"66626","AUD_USD",0.2612,2025-11-29 06:00:26,2025-11-29 04:34:19,593,0,0,1,NA,"Long",0.2612
"66630","UK100_GBP",-0.0203,2025-11-29 06:01:01,2025-11-29 04:34:23,0.1,0,0,1,NA,"Long",-0.0203
"66634","USD_CAD",-0.5517,2025-11-29 06:01:21,2025-11-29 04:34:26,670,0,0,1,NA,"Long",-0.5517
"66638","USD_CAD",-0.5517,2025-11-29 06:01:21,2025-11-29 04:34:28,670,0,0,1,NA,"Long",-0.5517
"66642","USD_CAD",-0.5517,2025-11-29 06:01:21,2025-11-29 04:34:30,670,0,0,1,NA,"Long",-0.5517
